559052,84849A,HELLO SAILOR BLUE SOAP HOLDER,1,7/5/2011 16:53,3.29,,United Kingdom
559052,84875B,GREEN SQUARE COMPACT MIRROR,1,7/5/2011 16:53,2.46,,United Kingdom
559052,84876B,GREEN HEART COMPACT MIRROR,2,7/5/2011 16:53,2.46,,United Kingdom
559052,84913A,SOFT PINK ROSE TOWEL ,1,7/5/2011 16:53,3.29,,United Kingdom
559052,84920,PINK FLOWER FABRIC PONY,2,7/5/2011 16:53,3.29,,United Kingdom
559052,84923,PINK BUTTERFLY HANDBAG W BOBBLES,1,7/5/2011 16:53,4.13,,United Kingdom
559052,84949,SILVER HANGING T-LIGHT HOLDER,2,7/5/2011 16:53,3.29,,United Kingdom
559052,84969,BOX OF 6 ASSORTED COLOUR TEASPOONS,8,7/5/2011 16:53,3.29,,United Kingdom
559052,84987,SET OF 36 TEATIME PAPER DOILIES,1,7/5/2011 16:53,2.92,,United Kingdom
559052,84988,SET OF 72 PINK HEART PAPER DOILIES,1,7/5/2011 16:53,2.92,,United Kingdom
559052,84991,60 TEATIME FAIRY CAKE CASES,4,7/5/2011 16:53,1.25,,United Kingdom
559052,84992,72 SWEETHEART FAIRY CAKE CASES,1,7/5/2011 16:53,1.25,,United Kingdom
559052,85015,SET OF 12  VINTAGE POSTCARD SET,1,7/5/2011 16:53,2.46,,United Kingdom
559052,85019A,ROMANTIC IMAGES NOTEBOOK SET,1,7/5/2011 16:53,2.46,,United Kingdom
559052,85019B,BLOSSOM  IMAGES NOTEBOOK SET,1,7/5/2011 16:53,2.46,,United Kingdom
559052,85032B,BLOSSOM IMAGES GIFT WRAP SET,1,7/5/2011 16:53,1.63,,United Kingdom
559052,85032D,YULETIDE IMAGES GIFT WRAP SET,1,7/5/2011 16:53,1.63,,United Kingdom
559052,85039A,SET/4 RED MINI ROSE CANDLE IN BOWL,4,7/5/2011 16:53,1.63,,United Kingdom
559052,85049A,TRADITIONAL CHRISTMAS RIBBONS,1,7/5/2011 16:53,2.46,,United Kingdom
559052,85049H,URBAN BLACK RIBBONS ,1,7/5/2011 16:53,2.46,,United Kingdom
559052,85086A,CANDY SPOT HEART DECORATION,4,7/5/2011 16:53,0.83,,United Kingdom
559052,85087,CANDY SPOT CUSHION COVER,1,7/5/2011 16:53,3.29,,United Kingdom
559052,85094,CANDY SPOT EGG WARMER RABBIT,2,7/5/2011 16:53,0.83,,United Kingdom
559052,85095,THREE CANVAS LUGGAGE TAGS,1,7/5/2011 16:53,0.83,,United Kingdom
559052,85099B,JUMBO BAG RED RETROSPOT,4,7/5/2011 16:53,4.13,,United Kingdom
559052,85099C,JUMBO  BAG BAROQUE BLACK WHITE,4,7/5/2011 16:53,4.13,,United Kingdom
559052,85099F,JUMBO BAG STRAWBERRY,6,7/5/2011 16:53,2.08,,United Kingdom
559052,85116,BLACK CANDELABRA T-LIGHT HOLDER,2,7/5/2011 16:53,1.63,,United Kingdom
559052,85131B,BEADED CRYSTAL HEART GREEN ON STICK,7,7/5/2011 16:53,0.83,,United Kingdom
559052,85131D,BEADED CRYSTAL HEART PINK ON STICK,8,7/5/2011 16:53,0.83,,United Kingdom
559052,85132C,CHARLIE AND LOLA FIGURES TINS,3,7/5/2011 16:53,5.79,,United Kingdom
559052,85169A,IVORY LOVE BIRD CANDLE,2,7/5/2011 16:53,2.46,,United Kingdom
559052,85170D,SET/6 PINK BIRD T-LIGHT CANDLES,1,7/5/2011 16:53,2.46,,United Kingdom
559052,85176,SEWING SUSAN 21 NEEDLE SET,6,7/5/2011 16:53,0.79,,United Kingdom
559052,85178,VICTORIAN SEWING KIT,4,7/5/2011 16:53,0.79,,United Kingdom
559052,85199S,SMALL HANGING IVORY/RED WOOD BIRD,1,7/5/2011 16:53,0.83,,United Kingdom
559052,85208,SET/12 FUNKY FELT FLOWER PEG IN BAG,4,7/5/2011 16:53,1.63,,United Kingdom
559052,85214,TUB 24 PINK FLOWER PEGS,2,7/5/2011 16:53,1.63,,United Kingdom
559052,90029,NEW BAROQUE SMALL NECKLACE BLACK,1,7/5/2011 16:53,8.32,,United Kingdom
559052,90087,CRYSTAL SEA HORSE PHONE CHARM,1,7/5/2011 16:53,1.63,,United Kingdom
559052,90116,FRUIT SALAD BAG CHARM,2,7/5/2011 16:53,2.46,,United Kingdom
559052,90118,PINK DAISY BAG CHARM,1,7/5/2011 16:53,2.46,,United Kingdom
559052,90143,SILVER BRACELET W PASTEL FLOWER,1,7/5/2011 16:53,7.9,,United Kingdom
559052,90145,SILVER HOOP EARRINGS WITH FLOWER,1,7/5/2011 16:53,6.23,,United Kingdom
559052,90161B,ANT COPPER TURQ BOUDICCA BRACELET,1,7/5/2011 16:53,4.98,,United Kingdom
559052,90161C,ANT COPPER LIME BOUDICCA BRACELET,1,7/5/2011 16:53,4.98,,United Kingdom
559052,90175D,TIGRIS EYE CHUNKY CHARM BRACELET,1,7/5/2011 16:53,9.15,,United Kingdom
559052,90197B,BLACK GLASS BRACELET W HEART CHARMS,1,7/5/2011 16:53,4.98,,United Kingdom
559052,90208,PAIR OF PINK FLOWER CLUSTER SLIDE,1,7/5/2011 16:53,2.48,,United Kingdom
559052,90209B,GREEN ENAMEL+GLASS HAIR COMB,1,7/5/2011 16:53,2.07,,United Kingdom
559052,90209C,PINK ENAMEL+GLASS HAIR COMB,1,7/5/2011 16:53,2.07,,United Kingdom
559052,DOT,DOTCOM POSTAGE,1,7/5/2011 16:53,576.18,,United Kingdom
559052,21929,JUMBO BAG PINK VINTAGE PAISLEY,6,7/5/2011 16:53,2.08,,United Kingdom
559052,23199,JUMBO BAG APPLES,4,7/5/2011 16:53,2.08,,United Kingdom
559052,21928,JUMBO BAG SCANDINAVIAN BLUE PAISLEY,6,7/5/2011 16:53,2.08,,United Kingdom
559052,22411,JUMBO SHOPPER VINTAGE RED PAISLEY,5,7/5/2011 16:53,2.08,,United Kingdom
559052,20727,LUNCH BAG  BLACK SKULL.,1,7/5/2011 16:53,4.13,,United Kingdom
559052,20733,GOLD MINI TAPE MEASURE ,5,7/5/2011 16:53,0.83,,United Kingdom
559052,20752,BLUE POLKADOT WASHING UP GLOVES,2,7/5/2011 16:53,2.46,,United Kingdom
559052,20767,BLUE PAISLEY JOURNAL ,1,7/5/2011 16:53,2.46,,United Kingdom
559052,20769,DAISY JOURNAL ,1,7/5/2011 16:53,2.46,,United Kingdom
559052,20770,ABSTRACT CIRCLE JOURNAL ,2,7/5/2011 16:53,2.46,,United Kingdom
559052,20846,ZINC HEART LATTICE T-LIGHT HOLDER,4,7/5/2011 16:53,2.46,,United Kingdom
559052,20897,VINTAGE NOTEBOOK PARIS DAYS,2,7/5/2011 16:53,2.46,,United Kingdom
559052,20902,VINTAGE KEEPSAKE BOX PARIS DAYS,3,7/5/2011 16:53,4.13,,United Kingdom
559052,20903,VINTAGE KEEPSAKE BOX TRAVELOGUE,2,7/5/2011 16:53,4.13,,United Kingdom
559052,20914,SET/5 RED RETROSPOT LID GLASS BOWLS,4,7/5/2011 16:53,5.79,,United Kingdom
559052,20932,PINK POT PLANT CANDLE,1,7/5/2011 16:53,7.46,,United Kingdom
559052,20963,APPLE BATH SPONGE,1,7/5/2011 16:53,2.46,,United Kingdom
559052,20971,PINK BLUE FELT CRAFT TRINKET BOX,18,7/5/2011 16:53,2.46,,United Kingdom
559052,20977,36 PENCILS TUBE WOODLAND,1,7/5/2011 16:53,2.46,,United Kingdom
559052,20978,36 PENCILS TUBE SKULLS,1,7/5/2011 16:53,2.46,,United Kingdom
559052,20979,36 PENCILS TUBE RED RETROSPOT,1,7/5/2011 16:53,2.46,,United Kingdom
559052,20986,BLUE CALCULATOR RULER,5,7/5/2011 16:53,0.83,,United Kingdom
559052,20992,JAZZ HEARTS PURSE NOTEBOOK,6,7/5/2011 16:53,0.83,,United Kingdom
559052,20998,ROSE DU SUD OVEN GLOVE,1,7/5/2011 16:53,1.63,,United Kingdom
559052,21033,JUMBO BAG CHARLIE AND LOLA TOYS,8,7/5/2011 16:53,2.46,,United Kingdom
559052,21058,PARTY INVITES WOODLAND,3,7/5/2011 16:53,0.83,,United Kingdom
559052,21063,PARTY INVITES JAZZ HEARTS,2,7/5/2011 16:53,0.83,,United Kingdom
559052,21067,VINTAGE RED TEATIME MUG,2,7/5/2011 16:53,2.46,,United Kingdom
559052,21078,SET/20 STRAWBERRY PAPER NAPKINS ,2,7/5/2011 16:53,1.63,,United Kingdom
559052,21080,SET/20 RED RETROSPOT PAPER NAPKINS ,2,7/5/2011 16:53,1.63,,United Kingdom
559052,21084,SET/6 COLLAGE PAPER CUPS,17,7/5/2011 16:53,0.83,,United Kingdom
559052,21086,SET/6 RED SPOTTY PAPER CUPS,5,7/5/2011 16:53,1.63,,United Kingdom
559052,21090,SET/6 COLLAGE PAPER PLATES,17,7/5/2011 16:53,0.83,,United Kingdom
559052,21094,SET/6 RED SPOTTY PAPER PLATES,23,7/5/2011 16:53,0.83,,United Kingdom
559052,21096,SET/6 FRUIT SALAD  PAPER PLATES,1,7/5/2011 16:53,0.83,,United Kingdom
559052,21116,OWL DOORSTOP,1,7/5/2011 16:53,8.29,,United Kingdom
559052,21135,VICTORIAN  METAL POSTCARD SPRING,8,7/5/2011 16:53,1.04,,United Kingdom
559052,21136,PAINTED METAL PEARS ASSORTED,16,7/5/2011 16:53,1.04,,United Kingdom
559052,21154,RED RETROSPOT OVEN GLOVE ,1,7/5/2011 16:53,2.46,,United Kingdom
559052,21159,MOODY BOY  DOOR HANGER ,1,7/5/2011 16:53,3.29,,United Kingdom
559052,21166,COOK WITH WINE METAL SIGN ,1,7/5/2011 16:53,4.13,,United Kingdom
559052,21167,WHITE SAGE INCENSE,2,7/5/2011 16:53,0.42,,United Kingdom
559052,21172,PARTY METAL SIGN ,1,7/5/2011 16:53,4.13,,United Kingdom
559052,21174,POTTERING IN THE SHED METAL SIGN,1,7/5/2011 16:53,4.13,,United Kingdom
559052,21175,GIN + TONIC DIET METAL SIGN,1,7/5/2011 16:53,4.96,,United Kingdom
559052,21179,NO JUNK MAIL METAL SIGN,2,7/5/2011 16:53,1.63,,United Kingdom
559052,21187,WHITE BELL HONEYCOMB PAPER GARLAND ,2,7/5/2011 16:53,3.29,,United Kingdom
559052,21192,WHITE BELL HONEYCOMB PAPER ,4,7/5/2011 16:53,3.29,,United Kingdom
559052,21198,WHITE HEART CONFETTI IN TUBE,2,7/5/2011 16:53,0.83,,United Kingdom
559052,21199,PINK  HEART CONFETTI IN TUBE,11,7/5/2011 16:53,0.83,,United Kingdom
559052,21204,DAISIES  HONEYCOMB GARLAND ,6,7/5/2011 16:53,1.63,,United Kingdom
559052,21206,STRAWBERRY HONEYCOMB  GARLAND ,5,7/5/2011 16:53,1.63,,United Kingdom
559052,21210,SET OF 72 RETROSPOT PAPER  DOILIES,1,7/5/2011 16:53,2.92,,United Kingdom
559052,21211,SET OF 72 SKULL PAPER  DOILIES,1,7/5/2011 16:53,1.25,,United Kingdom
559052,21212,PACK OF 72 RETROSPOT CAKE CASES,4,7/5/2011 16:53,1.25,,United Kingdom
559052,21216,"SET 3 RETROSPOT TEA,COFFEE,SUGAR",1,7/5/2011 16:53,10.79,,United Kingdom
559052,21222,SET/4 BADGES BEETLES,1,7/5/2011 16:53,2.46,,United Kingdom
559052,21246,RED RETROSPOT BIG BOWL,2,7/5/2011 16:53,4.13,,United Kingdom
559052,21288,STRIPEY CHOCOLATE NESTING BOXES,1,7/5/2011 16:53,3.29,,United Kingdom
559052,21327,SKULLS WRITING SET ,3,7/5/2011 16:53,0.83,,United Kingdom
559052,21328,BALLOONS  WRITING SET ,7,7/5/2011 16:53,0.83,,United Kingdom
559052,21329,DINOSAURS  WRITING SET ,7,7/5/2011 16:53,0.83,,United Kingdom
559052,21366,MIRRORED WALL ART PHOTO FRAMES,1,7/5/2011 16:53,3.29,,United Kingdom
559052,21382,SET/4 SPRING FLOWER DECORATION,3,7/5/2011 16:53,1.63,,United Kingdom
559052,21383,PACK OF 12 STICKY BUNNIES,1,7/5/2011 16:53,0.83,,United Kingdom
559052,21385,IVORY HANGING DECORATION  HEART,1,7/5/2011 16:53,1.63,,United Kingdom
559052,21389,IVORY HANGING DECORATION  BIRD,5,7/5/2011 16:53,0.83,,United Kingdom
559052,21390,FILIGRIS HEART WITH BUTTERFLY,1,7/5/2011 16:53,2.46,,United Kingdom
559052,21391,FRENCH LAVENDER SCENT HEART,9,7/5/2011 16:53,1.63,,United Kingdom
559052,21403,BLUE EGG  SPOON,2,7/5/2011 16:53,0.42,,United Kingdom
559052,21407,BROWN CHECK CAT DOORSTOP ,1,7/5/2011 16:53,8.29,,United Kingdom
559052,21439,BASKET OF TOADSTOOLS,4,7/5/2011 16:53,1.25,,United Kingdom
559052,21446,12 RED ROSE PEG PLACE SETTINGS,1,7/5/2011 16:53,2.46,,United Kingdom
559052,21454,PAINTED PINK RABBIT ,4,7/5/2011 16:53,0.83,,United Kingdom
559052,21455,PAINTED YELLOW WOODEN DAISY,1,7/5/2011 16:53,0.83,,United Kingdom
559052,21465,PINK FLOWER CROCHET FOOD COVER,7,7/5/2011 16:53,3.29,,United Kingdom
559052,21466,RED FLOWER CROCHET FOOD COVER,2,7/5/2011 16:53,3.29,,United Kingdom
559052,21467,CHERRY CROCHET FOOD COVER,4,7/5/2011 16:53,3.29,,United Kingdom
559052,21468,BUTTERFLY CROCHET FOOD COVER,1,7/5/2011 16:53,3.29,,United Kingdom
559052,21469,POLKA DOT RAFFIA FOOD COVER,8,7/5/2011 16:53,3.29,,United Kingdom
559052,21470,FLOWER VINE RAFFIA FOOD COVER,1,7/5/2011 16:53,3.29,,United Kingdom
559052,21471,STRAWBERRY RAFFIA FOOD COVER,1,7/5/2011 16:53,3.29,,United Kingdom
559052,21494,ROTATING LEAVES T-LIGHT HOLDER,2,7/5/2011 16:53,1.63,,United Kingdom
559052,21523,DOORMAT FANCY FONT HOME SWEET HOME,1,7/5/2011 16:53,15.79,,United Kingdom
559052,21534,DAIRY MAID LARGE MILK JUG,3,7/5/2011 16:53,4.13,,United Kingdom
559052,21555,CERAMIC STRAWBERRY TRINKET TRAY,1,7/5/2011 16:53,2.46,,United Kingdom
559052,21576,LETS GO SHOPPING COTTON TOTE BAG,5,7/5/2011 16:53,1.63,,United Kingdom
559052,21577,SAVE THE PLANET COTTON TOTE BAG,8,7/5/2011 16:53,1.63,,United Kingdom
559052,21578,WOODLAND DESIGN  COTTON TOTE BAG,4,7/5/2011 16:53,1.63,,United Kingdom
559052,21579,LOLITA  DESIGN  COTTON TOTE BAG,1,7/5/2011 16:53,1.63,,United Kingdom
559052,21580,RABBIT  DESIGN  COTTON TOTE BAG,4,7/5/2011 16:53,1.63,,United Kingdom
559052,21581,SKULLS  DESIGN  COTTON TOTE BAG,1,7/5/2011 16:53,1.63,,United Kingdom
559052,21618,4 WILDFLOWER BOTANICAL CANDLES,1,7/5/2011 16:53,2.46,,United Kingdom
559052,21619,4 VANILLA BOTANICAL CANDLES,1,7/5/2011 16:53,2.46,,United Kingdom
559052,21620,SET OF 4 ROSE BOTANICAL CANDLES,1,7/5/2011 16:53,2.46,,United Kingdom
559052,21621,VINTAGE UNION JACK BUNTING,9,7/5/2011 16:53,8.5,,United Kingdom
559052,21625,VINTAGE UNION JACK APRON,2,7/5/2011 16:53,4.13,,United Kingdom
559052,21633,SUNFLOWER DECORATIVE PARASOL,1,7/5/2011 16:53,8.29,,United Kingdom
559052,21706,FOLDING UMBRELLA RED/WHITE POLKADOT,4,7/5/2011 16:53,3.29,,United Kingdom
559052,21707,FOLDING UMBRELLA BLACKBLUE POLKADOT,2,7/5/2011 16:53,3.29,,United Kingdom
559052,21710,FOLDING UMBRELLA PINKWHITE POLKADOT,1,7/5/2011 16:53,3.29,,United Kingdom
559052,21714,CITRONELLA CANDLE GARDEN POT,10,7/5/2011 16:53,2.46,,United Kingdom
559052,21716,BOYS VINTAGE TIN SEASIDE BUCKET,1,7/5/2011 16:53,2.46,,United Kingdom
559052,21731,RED TOADSTOOL LED NIGHT LIGHT,1,7/5/2011 16:53,3.29,,United Kingdom
559052,21743,STAR PORTABLE TABLE LIGHT ,2,7/5/2011 16:53,5.79,,United Kingdom
559052,21773,DECORATIVE ROSE BATHROOM BOTTLE,1,7/5/2011 16:53,2.46,,United Kingdom
559052,21790,VINTAGE SNAP CARDS,1,7/5/2011 16:53,1.63,,United Kingdom
559052,21791,VINTAGE HEADS AND TAILS CARD GAME ,1,7/5/2011 16:53,2.46,,United Kingdom
559052,21843,RED RETROSPOT CAKE STAND,1,7/5/2011 16:53,20.79,,United Kingdom
559052,21844,RED RETROSPOT MUG,1,7/5/2011 16:53,5.79,,United Kingdom
559052,21850,BLUE  DIAMANTE PEN IN GIFT BOX,1,7/5/2011 16:53,2.46,,United Kingdom
559052,21864,UNION JACK FLAG PASSPORT COVER ,4,7/5/2011 16:53,1.63,,United Kingdom
559052,21867,PINK UNION JACK  LUGGAGE TAG,2,7/5/2011 16:53,0.83,,United Kingdom
559052,21874,GIN AND TONIC MUG,1,7/5/2011 16:53,3.29,,United Kingdom
559052,21880,RED RETROSPOT TAPE,6,7/5/2011 16:53,0.42,,United Kingdom
559052,21882,SKULLS TAPE,2,7/5/2011 16:53,1.63,,United Kingdom
559052,21888,BINGO SET,1,7/5/2011 16:53,7.46,,United Kingdom
559052,21894,POTTING SHED SEED ENVELOPES,1,7/5/2011 16:53,2.46,,United Kingdom
559052,21905,MORE BUTTER METAL SIGN ,1,7/5/2011 16:53,1.63,,United Kingdom
559052,21906,PHARMACIE FIRST AID TIN,2,7/5/2011 16:53,13.29,,United Kingdom
559052,21908,CHOCOLATE THIS WAY METAL SIGN,3,7/5/2011 16:53,4.13,,United Kingdom
559052,10133,COLOURING PENCILS BROWN TUBE,2,7/5/2011 16:53,0.83,,United Kingdom
559052,11001,ASSTD DESIGN RACING CAR PEN,7,7/5/2011 16:53,0.83,,United Kingdom
559052,15036,ASSORTED COLOURS SILK FAN,8,7/5/2011 16:53,1.63,,United Kingdom
559052,15044A,PINK PAPER PARASOL ,1,7/5/2011 16:53,5.79,,United Kingdom
559052,16020C,CLEAR STATIONERY BOX SET ,7,7/5/2011 16:53,0.83,,United Kingdom
559052,16216,LETTER SHAPE PENCIL SHARPENER,3,7/5/2011 16:53,0.42,,United Kingdom
559052,17084P,DRAGONS BLOOD INCENSE,1,7/5/2011 16:53,0.42,,United Kingdom
559052,20615,BLUE POLKADOT PASSPORT COVER,1,7/5/2011 16:53,1.63,,United Kingdom
559052,20617,FIRST CLASS PASSPORT COVER ,1,7/5/2011 16:53,0.83,,United Kingdom
559052,20654,FIRST CLASS LUGGAGE TAG ,3,7/5/2011 16:53,0.83,,United Kingdom
559052,20655,QUEEN OF SKIES LUGGAGE TAG,3,7/5/2011 16:53,0.83,,United Kingdom
559052,20659,ECONOMY LUGGAGE TAG,3,7/5/2011 16:53,0.83,,United Kingdom
559052,20665,RED RETROSPOT PURSE ,4,7/5/2011 16:53,2.46,,United Kingdom
559052,20666,ECONOMY HOLIDAY PURSE,2,7/5/2011 16:53,0.83,,United Kingdom
559052,20674,GREEN POLKADOT BOWL,1,7/5/2011 16:53,2.46,,United Kingdom
559052,20675,BLUE POLKADOT BOWL,1,7/5/2011 16:53,2.46,,United Kingdom
559052,20676,RED RETROSPOT BOWL,1,7/5/2011 16:53,2.46,,United Kingdom
559052,20711,JUMBO BAG TOYS ,2,7/5/2011 16:53,4.13,,United Kingdom
559052,20717,STRAWBERRY SHOPPER BAG,2,7/5/2011 16:53,2.46,,United Kingdom
559052,20718,RED RETROSPOT SHOPPER BAG,2,7/5/2011 16:53,2.46,,United Kingdom
559052,20723,STRAWBERRY CHARLOTTE BAG,2,7/5/2011 16:53,1.63,,United Kingdom
559052,20724,RED RETROSPOT CHARLOTTE BAG,5,7/5/2011 16:53,1.63,,United Kingdom
559052,20726,LUNCH BAG WOODLAND,2,7/5/2011 16:53,4.13,,United Kingdom
559052,21913,VINTAGE SEASIDE JIGSAW PUZZLES,1,7/5/2011 16:53,3.29,,United Kingdom
559052,21915,RED  HARMONICA IN BOX ,1,7/5/2011 16:53,2.46,,United Kingdom
559052,21930,JUMBO STORAGE BAG SKULLS,1,7/5/2011 16:53,4.13,,United Kingdom
559052,21931,JUMBO STORAGE BAG SUKI,8,7/5/2011 16:53,2.08,,United Kingdom
559052,21932,SCANDINAVIAN PAISLEY PICNIC BAG,2,7/5/2011 16:53,2.46,,United Kingdom
559052,21933,PINK VINTAGE PAISLEY PICNIC BAG,1,7/5/2011 16:53,2.46,,United Kingdom
559052,21934,SKULL SHOULDER BAG,6,7/5/2011 16:53,1.63,,United Kingdom
559052,21935,SUKI  SHOULDER BAG,10,7/5/2011 16:53,1.63,,United Kingdom
559052,21942,SKULLS DESIGN FLANNEL,2,7/5/2011 16:53,0.83,,United Kingdom
559052,21943,CAKES AND RABBITS DESIGN FLANNEL ,1,7/5/2011 16:53,0.83,,United Kingdom
559052,21944,KITTENS DESIGN FLANNEL,2,7/5/2011 16:53,0.83,,United Kingdom
559052,21945,STRAWBERRIES  DESIGN FLANNEL ,2,7/5/2011 16:53,0.83,,United Kingdom
559052,21967,PACK OF 12 SKULL TISSUES,1,7/5/2011 16:53,0.83,,United Kingdom
559052,21974,SET OF 36 PAISLEY FLOWER DOILIES,1,7/5/2011 16:53,2.92,,United Kingdom
559052,21975,PACK OF 60 DINOSAUR CAKE CASES,1,7/5/2011 16:53,1.25,,United Kingdom
559052,21981,PACK OF 12 WOODLAND TISSUES ,1,7/5/2011 16:53,0.83,,United Kingdom
559052,21990,MODERN FLORAL STATIONERY SET,3,7/5/2011 16:53,2.46,,United Kingdom
559052,21992,VINTAGE PAISLEY STATIONERY SET,3,7/5/2011 16:53,2.46,,United Kingdom
559052,21993,FLORAL FOLK STATIONERY SET,1,7/5/2011 16:53,2.46,,United Kingdom
559052,22024,RAINY LADIES BIRTHDAY CARD,1,7/5/2011 16:53,0.83,,United Kingdom
559052,22027,TEA PARTY BIRTHDAY CARD,2,7/5/2011 16:53,0.83,,United Kingdom
559052,22028,PENNY FARTHING BIRTHDAY CARD,2,7/5/2011 16:53,0.83,,United Kingdom
559052,22032,BOTANICAL LILY GREETING CARD,2,7/5/2011 16:53,0.42,,United Kingdom
559052,22061,LARGE CAKE STAND  HANGING STRAWBERY,1,7/5/2011 16:53,20.79,,United Kingdom
559052,22064,PINK DOUGHNUT TRINKET POT ,1,7/5/2011 16:53,3.29,,United Kingdom
559052,22065,CHRISTMAS PUDDING TRINKET POT ,8,7/5/2011 16:53,3.29,,United Kingdom
559052,22077,6 RIBBONS RUSTIC CHARM,2,7/5/2011 16:53,3.29,,United Kingdom
559052,22089,PAPER BUNTING VINTAGE PAISLEY,2,7/5/2011 16:53,5.79,,United Kingdom
559052,22090,PAPER BUNTING RETROSPOT,6,7/5/2011 16:53,5.79,,United Kingdom
559052,22132,RED LOVE HEART SHAPE CUP,1,7/5/2011 16:53,1.63,,United Kingdom
559052,22134,MINI LADLE LOVE HEART RED ,1,7/5/2011 16:53,0.83,,United Kingdom
559052,22135,MINI LADLE LOVE HEART PINK,1,7/5/2011 16:53,0.83,,United Kingdom
559052,22142,CHRISTMAS CRAFT WHITE FAIRY ,1,7/5/2011 16:53,3.29,,United Kingdom
559052,22144,CHRISTMAS CRAFT LITTLE FRIENDS,1,7/5/2011 16:53,4.13,,United Kingdom
559052,22156,HEART DECORATION WITH PEARLS ,2,7/5/2011 16:53,1.63,,United Kingdom
559052,22158,3 HEARTS HANGING DECORATION RUSTIC,1,7/5/2011 16:53,5.79,,United Kingdom
559052,22178,VICTORIAN GLASS HANGING T-LIGHT,4,7/5/2011 16:53,2.46,,United Kingdom
559052,22182,CAKE STAND VICTORIAN FILIGREE SMALL,13,7/5/2011 16:53,4.13,,United Kingdom
559052,22197,POPCORN HOLDER,8,7/5/2011 16:53,1.63,,United Kingdom
559052,22203,MILK PAN RED RETROSPOT,3,7/5/2011 16:53,3.29,,United Kingdom
559052,22208,WOOD STAMP SET THANK YOU,12,7/5/2011 16:53,0.83,,United Kingdom
559052,22209,WOOD STAMP SET HAPPY BIRTHDAY,5,7/5/2011 16:53,0.83,,United Kingdom
559052,22210,WOOD STAMP SET BEST WISHES,3,7/5/2011 16:53,0.83,,United Kingdom
559052,22211,WOOD STAMP SET FLOWERS,16,7/5/2011 16:53,0.83,,United Kingdom
559052,22219,LOVEBIRD HANGING DECORATION WHITE ,1,7/5/2011 16:53,1.63,,United Kingdom
559052,22228,BUNNY WOODEN PAINTED WITH BIRD ,2,7/5/2011 16:53,0.83,,United Kingdom
559052,22229,BUNNY WOODEN PAINTED WITH FLOWER ,1,7/5/2011 16:53,0.83,,United Kingdom
559052,22230,JIGSAW TREE WITH WATERING CAN,3,7/5/2011 16:53,0.83,,United Kingdom
559052,22231,JIGSAW TREE WITH BIRDHOUSE,3,7/5/2011 16:53,1.25,,United Kingdom
559052,22232,JIGSAW TOADSTOOLS 3 PIECE,5,7/5/2011 16:53,1.25,,United Kingdom
559052,22246,MAGIC GARDEN FELT GARLAND ,2,7/5/2011 16:53,1.63,,United Kingdom
559052,22250,DECORATION  BUTTERFLY  MAGIC GARDEN,2,7/5/2011 16:53,0.83,,United Kingdom
559052,22251,BIRDHOUSE DECORATION MAGIC GARDEN,1,7/5/2011 16:53,0.83,,United Kingdom
559052,22268,DECORATION SITTING BUNNY,11,7/5/2011 16:53,0.63,,United Kingdom
559052,22278,OVERNIGHT BAG VINTAGE ROSE PAISLEY,2,7/5/2011 16:53,4.13,,United Kingdom
559052,22279,POCKET BAG BLUE PAISLEY RED SPOT,6,7/5/2011 16:53,0.83,,United Kingdom
559052,22280,POCKET BAG PINK PAISELY BROWN SPOT,5,7/5/2011 16:53,0.83,,United Kingdom
559052,22286,DECORATION WOBBLY RABBIT METAL ,1,7/5/2011 16:53,1.25,,United Kingdom
559052,22287,DECORATION WOBBLY CHICKEN,4,7/5/2011 16:53,1.25,,United Kingdom
559052,22291,HANGING CHICK CREAM DECORATION,3,7/5/2011 16:53,1.25,,United Kingdom
559052,22293,HANGING CHICK GREEN DECORATION,2,7/5/2011 16:53,1.25,,United Kingdom
559052,22295,HEART FILIGREE DOVE LARGE,2,7/5/2011 16:53,3.29,,United Kingdom
559052,22315,200 RED + WHITE BENDY STRAWS,5,7/5/2011 16:53,1.25,,United Kingdom
559052,22316,200 BENDY SKULL STRAWS,2,7/5/2011 16:53,1.25,,United Kingdom
559052,22322,BIRD DECORATION GREEN POLKADOT,4,7/5/2011 16:53,0.83,,United Kingdom
559052,22326,ROUND SNACK BOXES SET OF4 WOODLAND ,2,7/5/2011 16:53,5.79,,United Kingdom
559052,22327,ROUND SNACK BOXES SET OF 4 SKULLS,2,7/5/2011 16:53,5.79,,United Kingdom
559052,22329,ROUND CONTAINER SET OF 5 RETROSPOT,12,7/5/2011 16:53,1.63,,United Kingdom
559052,22331,WOODLAND PARTY BAG + STICKER SET,2,7/5/2011 16:53,3.29,,United Kingdom
559052,22333,RETROSPOT PARTY BAG + STICKER SET,1,7/5/2011 16:53,3.29,,United Kingdom
559052,22342,HOME GARLAND PAINTED ZINC ,1,7/5/2011 16:53,1.63,,United Kingdom
559052,22352,LUNCH BOX WITH CUTLERY RETROSPOT ,5,7/5/2011 16:53,4.96,,United Kingdom
559052,22355,CHARLOTTE BAG SUKI DESIGN,5,7/5/2011 16:53,1.63,,United Kingdom
559052,22356,CHARLOTTE BAG PINK POLKADOT,2,7/5/2011 16:53,1.63,,United Kingdom
559052,22358,KINGS CHOICE TEA CADDY ,2,7/5/2011 16:53,2.46,,United Kingdom
559052,22371,AIRLINE BAG VINTAGE TOKYO 78,3,7/5/2011 16:53,4.13,,United Kingdom
559052,22374,AIRLINE BAG VINTAGE JET SET RED,4,7/5/2011 16:53,4.13,,United Kingdom
559052,22376,AIRLINE BAG VINTAGE JET SET WHITE,1,7/5/2011 16:53,4.13,,United Kingdom
559052,22377,BOTTLE BAG RETROSPOT ,8,7/5/2011 16:53,1.63,,United Kingdom
559052,22378,WALL TIDY RETROSPOT ,5,7/5/2011 16:53,1.63,,United Kingdom
559052,22379,RECYCLING BAG RETROSPOT ,3,7/5/2011 16:53,4.13,,United Kingdom
559052,22381,TOY TIDY PINK POLKADOT,2,7/5/2011 16:53,4.13,,United Kingdom
559052,22386,JUMBO BAG PINK POLKADOT,14,7/5/2011 16:53,2.08,,United Kingdom
559052,22405,MONEY BOX POCKET MONEY DESIGN,2,7/5/2011 16:53,2.46,,United Kingdom
559052,22406,MONEY BOX KINGS CHOICE DESIGN,1,7/5/2011 16:53,2.46,,United Kingdom
559052,22408,MONEY BOX CONFECTIONERY DESIGN,1,7/5/2011 16:53,2.46,,United Kingdom
559052,22413,METAL SIGN TAKE IT OR LEAVE IT ,2,7/5/2011 16:53,5.79,,United Kingdom
559052,22418,10 COLOUR SPACEBOY PEN,1,7/5/2011 16:53,1.63,,United Kingdom
559052,22419,LIPSTICK PEN RED,1,7/5/2011 16:53,0.83,,United Kingdom
559052,22423,REGENCY CAKESTAND 3 TIER,2,7/5/2011 16:53,24.96,,United Kingdom
559052,22432,WATERING CAN PINK BUNNY,1,7/5/2011 16:53,4.13,,United Kingdom
559052,22434,BALLOON PUMP WITH 10 BALLOONS,1,7/5/2011 16:53,4.13,,United Kingdom
559052,22436,12 COLOURED PARTY BALLOONS,1,7/5/2011 16:53,1.25,,United Kingdom
559052,22439,6 ROCKET BALLOONS ,1,7/5/2011 16:53,1.25,,United Kingdom
559052,22460,EMBOSSED GLASS TEALIGHT HOLDER,2,7/5/2011 16:53,2.46,,United Kingdom
559052,22466,FAIRY TALE COTTAGE NIGHTLIGHT,2,7/5/2011 16:53,4.13,,United Kingdom
559052,22469,HEART OF WICKER SMALL,1,7/5/2011 16:53,3.29,,United Kingdom
559052,22481,BLACK TEA TOWEL CLASSIC DESIGN,1,7/5/2011 16:53,0.83,,United Kingdom
559052,22488,NATURAL SLATE RECTANGLE CHALKBOARD,1,7/5/2011 16:53,3.29,,United Kingdom
559052,22494,EMERGENCY FIRST AID TIN ,2,7/5/2011 16:53,2.46,,United Kingdom
559052,22498,WOODEN REGATTA BUNTING,4,7/5/2011 16:53,4.96,,United Kingdom
559052,22499,WOODEN UNION JACK BUNTING,7,7/5/2011 16:53,4.96,,United Kingdom
559052,22501,PICNIC BASKET WICKER LARGE,1,7/5/2011 16:53,20.79,,United Kingdom
559052,22504,CABIN BAG VINTAGE RETROSPOT,3,7/5/2011 16:53,16.63,,United Kingdom
559052,22537,MAGIC DRAWING SLATE DINOSAUR,1,7/5/2011 16:53,0.83,,United Kingdom
559052,22547,MINI JIGSAW DINOSAUR ,1,7/5/2011 16:53,0.83,,United Kingdom
559052,22549,PICTURE DOMINOES,1,7/5/2011 16:53,3.29,,United Kingdom
559052,22550,HOLIDAY FUN LUDO,1,7/5/2011 16:53,7.46,,United Kingdom
559052,22554,PLASTERS IN TIN WOODLAND ANIMALS,1,7/5/2011 16:53,3.29,,United Kingdom
559052,22596,CHRISTMAS STAR WISH LIST CHALKBOARD,1,7/5/2011 16:53,2.46,,United Kingdom
559052,22607,WOODEN ROUNDERS GARDEN SET ,1,7/5/2011 16:53,16.63,,United Kingdom
559052,22609,PENS ASSORTED SPACEBALL,18,7/5/2011 16:53,0.42,,United Kingdom
559052,22610,PENS ASSORTED FUNNY FACE,8,7/5/2011 16:53,0.42,,United Kingdom
559052,22620,4 TRADITIONAL SPINNING TOPS,1,7/5/2011 16:53,2.46,,United Kingdom
559052,22628,PICNIC BOXES SET OF 3 RETROSPOT ,13,7/5/2011 16:53,4.13,,United Kingdom
559052,22629,SPACEBOY LUNCH BOX ,1,7/5/2011 16:53,4.13,,United Kingdom
559052,22651,GENTLEMAN SHIRT REPAIR KIT ,2,7/5/2011 16:53,0.79,,United Kingdom
559052,22653,BUTTON BOX ,11,7/5/2011 16:53,1.63,,United Kingdom
559052,22661,CHARLOTTE BAG DOLLY GIRL DESIGN,2,7/5/2011 16:53,1.63,,United Kingdom
559052,22663,JUMBO BAG DOLLY GIRL DESIGN,7,7/5/2011 16:53,2.46,,United Kingdom
559052,22664,TOY TIDY DOLLY GIRL DESIGN,1,7/5/2011 16:53,4.13,,United Kingdom
559052,22666,RECIPE BOX PANTRY YELLOW DESIGN,1,7/5/2011 16:53,5.79,,United Kingdom
559052,22667,RECIPE BOX RETROSPOT ,1,7/5/2011 16:53,5.79,,United Kingdom
559052,22668,PINK BABY BUNTING,5,7/5/2011 16:53,5.79,,United Kingdom
559052,22690,DOORMAT HOME SWEET HOME BLUE ,1,7/5/2011 16:53,15.79,,United Kingdom
559052,22692,DOORMAT WELCOME TO OUR HOME,1,7/5/2011 16:53,15.79,,United Kingdom
559052,22697,GREEN REGENCY TEACUP AND SAUCER,3,7/5/2011 16:53,5.79,,United Kingdom
559052,22698,PINK REGENCY TEACUP AND SAUCER,1,7/5/2011 16:53,5.79,,United Kingdom
559052,22701,PINK DOG BOWL,2,7/5/2011 16:53,2.46,,United Kingdom
559052,22703,PINK CAT BOWL,1,7/5/2011 16:53,1.63,,United Kingdom
559052,22712,CARD DOLLY GIRL ,2,7/5/2011 16:53,0.83,,United Kingdom
559052,22721,SET OF 3 CAKE TINS SKETCHBOOK,10,7/5/2011 16:53,4.13,,United Kingdom
559052,22723,SET OF 6 HERB TINS SKETCHBOOK,2,7/5/2011 16:53,3.29,,United Kingdom
559052,22745,POPPY'S PLAYHOUSE BEDROOM ,1,7/5/2011 16:53,4.13,,United Kingdom
559052,22752,SET 7 BABUSHKA NESTING BOXES,2,7/5/2011 16:53,8.29,,United Kingdom
559052,22771,CLEAR DRAWER KNOB ACRYLIC EDWARDIAN,8,7/5/2011 16:53,2.46,,United Kingdom
559052,22807,SET OF 6 T-LIGHTS TOADSTOOLS,6,7/5/2011 16:53,2.46,,United Kingdom
559052,22811,SET OF 6 T-LIGHTS CACTI ,5,7/5/2011 16:53,2.46,,United Kingdom
559052,22814,CARD PARTY GAMES ,7,7/5/2011 16:53,0.42,,United Kingdom
559052,22815,CARD PSYCHEDELIC APPLES,32,7/5/2011 16:53,0.42,,United Kingdom
559052,22817,CARD SUKI BIRTHDAY,12,7/5/2011 16:53,0.42,,United Kingdom
559052,22819,"BIRTHDAY CARD, RETRO SPOT",8,7/5/2011 16:53,0.42,,United Kingdom
559052,22820,GIFT BAG BIRTHDAY,11,7/5/2011 16:53,0.42,,United Kingdom
559052,22821,GIFT BAG PSYCHEDELIC APPLES,27,7/5/2011 16:53,0.42,,United Kingdom
559052,22839,3 TIER CAKE TIN GREEN AND CREAM,2,7/5/2011 16:53,14.13,,United Kingdom
559052,22851,SET 20 NAPKINS FAIRY CAKES DESIGN ,1,7/5/2011 16:53,1.63,,United Kingdom
559052,22876,NUMBER TILE COTTAGE GARDEN 8,1,7/5/2011 16:53,4.13,,United Kingdom
559052,22878,NUMBER TILE COTTAGE GARDEN No,1,7/5/2011 16:53,4.13,,United Kingdom
559052,22880,NUMBER TILE VINTAGE FONT 1,1,7/5/2011 16:53,4.13,,United Kingdom
559052,22881,NUMBER TILE VINTAGE FONT 2,1,7/5/2011 16:53,4.13,,United Kingdom
559052,22883,NUMBER TILE VINTAGE FONT 4,1,7/5/2011 16:53,4.13,,United Kingdom
559052,22890,NOVELTY BISCUITS CAKE STAND 3 TIER,1,7/5/2011 16:53,19.96,,United Kingdom
559052,22893,MINI CAKE STAND T-LIGHT HOLDER,3,7/5/2011 16:53,0.83,,United Kingdom
559052,22897,OVEN MITT APPLES DESIGN,2,7/5/2011 16:53,3.29,,United Kingdom
559052,22906,12 MESSAGE CARDS WITH ENVELOPES,1,7/5/2011 16:53,3.29,,United Kingdom
559052,22907,PACK OF 20 NAPKINS PANTRY DESIGN,2,7/5/2011 16:53,1.63,,United Kingdom
559052,22925,BLUE GIANT GARDEN THERMOMETER,1,7/5/2011 16:53,12.46,,United Kingdom
559052,22938,CUPCAKE LACE PAPER SET 6,1,7/5/2011 16:53,4.13,,United Kingdom
559052,22955,36 FOIL STAR CAKE CASES ,3,7/5/2011 16:53,2.46,,United Kingdom
559052,22956,36 FOIL HEART CAKE CASES,2,7/5/2011 16:53,2.46,,United Kingdom
559052,22961,JAM MAKING SET PRINTED,4,7/5/2011 16:53,3.29,,United Kingdom
559052,22962,JAM JAR WITH PINK LID,1,7/5/2011 16:53,1.63,,United Kingdom
559052,22963,JAM JAR WITH GREEN LID,1,7/5/2011 16:53,1.63,,United Kingdom
559052,22969,HOMEMADE JAM SCENTED CANDLES,1,7/5/2011 16:53,3.29,,United Kingdom
559052,22979,PANTRY WASHING UP BRUSH,1,7/5/2011 16:53,3.29,,United Kingdom
559052,22980,PANTRY SCRUBBING BRUSH,1,7/5/2011 16:53,3.29,,United Kingdom
559052,22995,TRAVEL CARD WALLET SUKI,3,7/5/2011 16:53,0.83,,United Kingdom
559052,22996,TRAVEL CARD WALLET VINTAGE TICKET,1,7/5/2011 16:53,0.83,,United Kingdom
559052,22998,TRAVEL CARD WALLET KEEP CALM,1,7/5/2011 16:53,0.83,,United Kingdom
559052,23061,VINTAGE EMBOSSED HEART,1,7/5/2011 16:53,2.46,,United Kingdom
559052,23084,RABBIT NIGHT LIGHT,3,7/5/2011 16:53,4.13,,United Kingdom
559052,23086,ZINC  STAR T-LIGHT HOLDER ,1,7/5/2011 16:53,2.46,,United Kingdom
559052,23087,ZINC  HEART T-LIGHT HOLDER,4,7/5/2011 16:53,2.46,,United Kingdom
559052,23088,ZINC HEART FLOWER T-LIGHT HOLDER,1,7/5/2011 16:53,2.46,,United Kingdom
559052,23100,SILVER BELLS TABLE DECORATION,1,7/5/2011 16:53,2.46,,United Kingdom
559052,23122,PARTY CHARMS 50 PIECES,1,7/5/2011 16:53,1.67,,United Kingdom
559052,23123,COCKTAIL SWORDS 50 PIECES,1,7/5/2011 16:53,1.67,,United Kingdom
559052,23140,TRIPLE WIRE HOOK IVORY HEART,1,7/5/2011 16:53,4.13,,United Kingdom
559052,23146,TRIPLE HOOK ANTIQUE IVORY ROSE,1,7/5/2011 16:53,6.63,,United Kingdom
559052,23170,REGENCY TEA PLATE ROSES ,3,7/5/2011 16:53,3.29,,United Kingdom
559052,23171,REGENCY TEA PLATE GREEN ,2,7/5/2011 16:53,3.29,,United Kingdom
559052,23199,JUMBO BAG APPLES,3,7/5/2011 16:53,4.13,,United Kingdom
559052,23200,JUMBO BAG PEARS,9,7/5/2011 16:53,2.08,,United Kingdom
559052,23201,JUMBO BAG ALPHABET,1,7/5/2011 16:53,4.13,,United Kingdom
559052,23202,JUMBO BAG VINTAGE LEAF,8,7/5/2011 16:53,2.08,,United Kingdom
559052,23203,JUMBO BAG DOILEY PATTERNS,7,7/5/2011 16:53,2.08,,United Kingdom
559052,23204,CHARLOTTE BAG APPLES DESIGN,2,7/5/2011 16:53,1.63,,United Kingdom
559052,23207,LUNCH BAG ALPHABET DESIGN,1,7/5/2011 16:53,4.13,,United Kingdom
559052,23227,FILIGREE HEART BUTTERFLY WHITE ,1,7/5/2011 16:53,2.46,,United Kingdom
559052,23238,SET OF 4 KNICK KNACK TINS LONDON ,1,7/5/2011 16:53,8.29,,United Kingdom
559052,23245,SET OF 3 REGENCY CAKE TINS,1,7/5/2011 16:53,10.79,,United Kingdom
559052,23250,VINTAGE RED TRIM ENAMEL BOWL ,1,7/5/2011 16:53,2.46,,United Kingdom
559052,23253,16 PIECE CUTLERY SET PANTRY DESIGN,2,7/5/2011 16:53,14.13,,United Kingdom
559052,23263,SET OF 3 WOODEN HEART DECORATIONS,1,7/5/2011 16:53,2.46,,United Kingdom
559052,23271,CHRISTMAS TABLE SILVER CANDLE SPIKE,2,7/5/2011 16:53,1.63,,United Kingdom
559052,23283,DOORMAT VINTAGE LEAF,1,7/5/2011 16:53,15.79,,United Kingdom
559052,23298,SPOTTY BUNTING,3,7/5/2011 16:53,10.79,,United Kingdom
559052,23300,GARDENERS KNEELING PAD CUP OF TEA ,2,7/5/2011 16:53,3.29,,United Kingdom
559052,23301,GARDENERS KNEELING PAD KEEP CALM ,2,7/5/2011 16:53,3.29,,United Kingdom
559052,23306,SET OF 36 DOILIES PANTRY DESIGN,2,7/5/2011 16:53,2.92,,United Kingdom
559052,23307,SET OF 60 PANTRY DESIGN CAKE CASES ,5,7/5/2011 16:53,1.25,,United Kingdom
559052,23309,SET OF 60 I LOVE LONDON CAKE CASES ,1,7/5/2011 16:53,1.25,,United Kingdom
559052,23310,BUBBLEGUM RING ASSORTED,1,7/5/2011 16:53,0.83,,United Kingdom
559052,35471D,SET OF 3 BIRD LIGHT PINK FEATHER ,2,7/5/2011 16:53,1.25,,United Kingdom
559052,35649,VINTAGE BEAD COSMETIC BAG ,1,7/5/2011 16:53,2.46,,United Kingdom
559052,35653,VINTAGE BEAD NOTEBOOK,5,7/5/2011 16:53,2.46,,United Kingdom
559052,35810A,ENAMEL PINK COFFEE CONTAINER,2,7/5/2011 16:53,2.46,,United Kingdom
559052,35911A,MULTICOLOUR RABBIT EGG WARMER,3,7/5/2011 16:53,0.83,,United Kingdom
559052,35916B,BLUE FELT HANGING HEART WITH FLOWER,1,7/5/2011 16:53,0.63,,United Kingdom
559052,35923,CANDY HEART HANGING DECORATION,3,7/5/2011 16:53,0.83,,United Kingdom
559052,35924,HANGING FAIRY CAKE DECORATION,9,7/5/2011 16:53,1.63,,United Kingdom
559052,35964,FOLKART CLIP ON STARS,2,7/5/2011 16:53,1.63,,United Kingdom
559052,37327,ASSTD MULTICOLOUR CIRCLES MUG,18,7/5/2011 16:53,0.97,,United Kingdom
559052,37340,MULTICOLOUR SPRING FLOWER MUG,18,7/5/2011 16:53,0.69,,United Kingdom
559052,37467,PIG MUG IN TWO COLOUR DESIGNS,2,7/5/2011 16:53,2.06,,United Kingdom
559052,37479P,CUBIC MUG FLOCK PINK ON BROWN,6,7/5/2011 16:53,0.97,,United Kingdom
559052,47367B,PAIR PADDED HANGERS PINK CHECK,1,7/5/2011 16:53,3.29,,United Kingdom
559052,47471,RAINBOW PEGS PHOTO CLIP STRING,4,7/5/2011 16:53,1.46,,United Kingdom
559052,47504K,ENGLISH ROSE GARDEN SECATEURS,1,7/5/2011 16:53,3.29,,United Kingdom
559052,47559B,TEA TIME OVEN GLOVE,1,7/5/2011 16:53,2.46,,United Kingdom
559052,47580,TEA TIME DES TEA COSY,1,7/5/2011 16:53,2.46,,United Kingdom
559052,47585A,PINK FAIRY CAKE CUSHION COVER,1,7/5/2011 16:53,4.13,,United Kingdom
559052,47593B,SCOTTIE DOGS BABY BIB,1,7/5/2011 16:53,0.83,,United Kingdom
559052,47599A,PINK PARTY BAGS,4,7/5/2011 16:53,4.13,,United Kingdom
559052,51014A,"FEATHER PEN,HOT PINK",18,7/5/2011 16:53,0.83,,United Kingdom
559052,51014C,"FEATHER PEN,COAL BLACK",2,7/5/2011 16:53,0.83,,United Kingdom
559052,71053,WHITE METAL LANTERN,1,7/5/2011 16:53,8.29,,United Kingdom
559052,71143,SILVER BOOK MARK WITH BEADS,24,7/5/2011 16:53,0.83,,United Kingdom
559052,72128,COLUMBIAN CANDLE ROUND,1,7/5/2011 16:53,1.63,,United Kingdom
559052,72741,GRAND CHOCOLATECANDLE,6,7/5/2011 16:53,2.76,,United Kingdom
559052,72800C,4 PINK DINNER CANDLE SILVER FLOCK,1,7/5/2011 16:53,4.96,,United Kingdom
559052,72800E,4 IVORY DINNER CANDLES SILVER FLOCK,1,7/5/2011 16:53,3.29,,United Kingdom
559052,72816,SET/3 CHRISTMAS DECOUPAGE CANDLES,1,7/5/2011 16:53,2.46,,United Kingdom
559052,79066K,RETRO MOD TRAY,1,7/5/2011 16:53,1.63,,United Kingdom
559052,82095,HEART BUTTONS JEWELLERY BOX,25,7/5/2011 16:53,4.96,,United Kingdom
559052,82486,WOOD S/3 CABINET ANT WHITE FINISH,1,7/5/2011 16:53,16.63,,United Kingdom
559052,82494L,WOODEN FRAME ANTIQUE WHITE ,13,7/5/2011 16:53,7.46,,United Kingdom
559052,82578,KITCHEN METAL SIGN,2,7/5/2011 16:53,1.25,,United Kingdom
559052,82580,BATHROOM METAL SIGN,3,7/5/2011 16:53,1.25,,United Kingdom
559052,82613A,"METAL SIGN,CUPCAKE SINGLE HOOK",1,7/5/2011 16:53,2.46,,United Kingdom
559052,82613D,METAL SIGN CUPCAKE SINGLE HOOK,3,7/5/2011 16:53,2.46,,United Kingdom
559052,84251B,"GREETING CARD, STICKY GORDON",2,7/5/2011 16:53,0.42,,United Kingdom
559052,84251G,"GREETING CARD, OVERCROWDED POOL.",3,7/5/2011 16:53,0.42,,United Kingdom
559052,84356,POMPOM CURTAIN,2,7/5/2011 16:53,5.79,,United Kingdom
559052,84509A,SET OF 4 ENGLISH ROSE PLACEMATS,3,7/5/2011 16:53,3.29,,United Kingdom
559052,84509B,SET OF 4 FAIRY CAKE PLACEMATS,2,7/5/2011 16:53,3.29,,United Kingdom
559052,84509C,SET OF 4 POLKADOT PLACEMATS ,6,7/5/2011 16:53,3.29,,United Kingdom
559052,84510A,SET OF 4 ENGLISH ROSE COASTERS,1,7/5/2011 16:53,2.46,,United Kingdom
559052,84510C,SET OF 4 POLKADOT COASTERS,2,7/5/2011 16:53,2.46,,United Kingdom
559052,84535B,FAIRY CAKES NOTEBOOK A6 SIZE,1,7/5/2011 16:53,1.46,,United Kingdom
559052,84536A,ENGLISH ROSE NOTEBOOK A7 SIZE,15,7/5/2011 16:53,0.42,,United Kingdom
559052,84536B,FAIRY CAKES NOTEBOOK A7 SIZE,30,7/5/2011 16:53,0.42,,United Kingdom
559055,21725,SWEETIES  STICKERS,1,7/5/2011 17:09,1.63,,United Kingdom
559055,21754,HOME BUILDING BLOCK WORD,1,7/5/2011 17:09,11.63,,United Kingdom
559055,21756,BATH BUILDING BLOCK WORD,1,7/5/2011 17:09,11.63,,United Kingdom
559055,21788,KIDS RAIN MAC BLUE,1,7/5/2011 17:09,0.79,,United Kingdom
559055,21789,KIDS RAIN MAC PINK,4,7/5/2011 17:09,0.79,,United Kingdom
559055,21790,VINTAGE SNAP CARDS,2,7/5/2011 17:09,1.63,,United Kingdom
559055,21818,GLITTER HEART DECORATION,1,7/5/2011 17:09,1.63,,United Kingdom
559055,21846,PINK DIAMANTE PEN IN GIFT BOX,1,7/5/2011 17:09,2.46,,United Kingdom
559055,21850,BLUE  DIAMANTE PEN IN GIFT BOX,1,7/5/2011 17:09,2.46,,United Kingdom
559055,21864,UNION JACK FLAG PASSPORT COVER ,1,7/5/2011 17:09,1.63,,United Kingdom
559055,21865,PINK UNION JACK  PASSPORT COVER ,1,7/5/2011 17:09,0.83,,United Kingdom
559055,21866,UNION JACK FLAG LUGGAGE TAG,1,7/5/2011 17:09,0.83,,United Kingdom
559055,21867,PINK UNION JACK  LUGGAGE TAG,1,7/5/2011 17:09,0.83,,United Kingdom
559055,21876,POTTERING MUG,2,7/5/2011 17:09,3.29,,United Kingdom
559055,21877,HOME SWEET HOME MUG,2,7/5/2011 17:09,3.29,,United Kingdom
559055,21878,PACK OF 6 SANDCASTLE FLAGS ASSORTED,1,7/5/2011 17:09,1.63,,United Kingdom
559055,21882,SKULLS TAPE,1,7/5/2011 17:09,1.63,,United Kingdom
559055,21892,TRADITIONAL WOODEN CATCH CUP GAME ,1,7/5/2011 17:09,2.46,,United Kingdom
559055,21913,VINTAGE SEASIDE JIGSAW PUZZLES,1,7/5/2011 17:09,3.29,,United Kingdom
559055,21918,SET 12 KIDS COLOUR  CHALK STICKS,1,7/5/2011 17:09,0.83,,United Kingdom
559055,21928,JUMBO BAG SCANDINAVIAN BLUE PAISLEY,4,7/5/2011 17:09,4.13,,United Kingdom
559055,21929,JUMBO BAG PINK VINTAGE PAISLEY,1,7/5/2011 17:09,4.13,,United Kingdom
559055,21930,JUMBO STORAGE BAG SKULLS,2,7/5/2011 17:09,4.13,,United Kingdom
559055,21932,SCANDINAVIAN PAISLEY PICNIC BAG,1,7/5/2011 17:09,2.46,,United Kingdom
559055,21933,PINK VINTAGE PAISLEY PICNIC BAG,7,7/5/2011 17:09,2.46,,United Kingdom
559055,21934,SKULL SHOULDER BAG,4,7/5/2011 17:09,1.63,,United Kingdom
559055,21935,SUKI  SHOULDER BAG,11,7/5/2011 17:09,1.63,,United Kingdom
559055,21942,SKULLS DESIGN FLANNEL,7,7/5/2011 17:09,0.83,,United Kingdom
559055,21944,KITTENS DESIGN FLANNEL,1,7/5/2011 17:09,0.83,,United Kingdom
559055,21945,STRAWBERRIES  DESIGN FLANNEL ,3,7/5/2011 17:09,0.83,,United Kingdom
559055,21946,PARTY TIME DESIGN FLANNEL,1,7/5/2011 17:09,0.83,,United Kingdom
559055,21972,SET OF 36 DINOSAUR PAPER DOILIES,1,7/5/2011 17:09,1.25,,United Kingdom
559055,21976,PACK OF 60 MUSHROOM CAKE CASES,1,7/5/2011 17:09,1.25,,United Kingdom
559055,21984,PACK OF 12 PINK PAISLEY TISSUES ,1,7/5/2011 17:09,0.83,,United Kingdom
559055,21990,MODERN FLORAL STATIONERY SET,4,7/5/2011 17:09,2.46,,United Kingdom
559055,21991,BOHEMIAN COLLAGE STATIONERY SET,1,7/5/2011 17:09,2.46,,United Kingdom
559055,21992,VINTAGE PAISLEY STATIONERY SET,5,7/5/2011 17:09,2.46,,United Kingdom
559055,21993,FLORAL FOLK STATIONERY SET,3,7/5/2011 17:09,2.46,,United Kingdom
559055,22026,BANQUET BIRTHDAY  CARD  ,1,7/5/2011 17:09,0.83,,United Kingdom
559055,22027,TEA PARTY BIRTHDAY CARD,1,7/5/2011 17:09,0.83,,United Kingdom
559055,22029,SPACEBOY BIRTHDAY CARD,1,7/5/2011 17:09,0.83,,United Kingdom
559055,22030,SWALLOWS GREETING CARD,1,7/5/2011 17:09,0.83,,United Kingdom
559055,22031,BOTANICAL LAVENDER BIRTHDAY CARD,8,7/5/2011 17:09,0.42,,United Kingdom
559055,22032,BOTANICAL LILY GREETING CARD,1,7/5/2011 17:09,0.42,,United Kingdom
559055,22037,ROBOT BIRTHDAY CARD,1,7/5/2011 17:09,0.83,,United Kingdom
559055,22069,BROWN  PIRATE TREASURE CHEST ,1,7/5/2011 17:09,3.29,,United Kingdom
559055,22077,6 RIBBONS RUSTIC CHARM,3,7/5/2011 17:09,3.29,,United Kingdom
559055,22081,RIBBON REEL FLORA + FAUNA ,1,7/5/2011 17:09,3.29,,United Kingdom
559055,22083,PAPER CHAIN KIT RETROSPOT,1,7/5/2011 17:09,5.79,,United Kingdom
559055,22085,PAPER CHAIN KIT SKULLS ,1,7/5/2011 17:09,2.46,,United Kingdom
559055,22089,PAPER BUNTING VINTAGE PAISLEY,1,7/5/2011 17:09,5.79,,United Kingdom
559055,22090,PAPER BUNTING RETROSPOT,3,7/5/2011 17:09,5.79,,United Kingdom
559055,22109,FULL ENGLISH BREAKFAST PLATE,1,7/5/2011 17:09,7.46,,United Kingdom
559055,22139,RETROSPOT TEA SET CERAMIC 11 PC ,1,7/5/2011 17:09,10.79,,United Kingdom
559055,22149,FELTCRAFT 6 FLOWER FRIENDS,2,7/5/2011 17:09,4.13,,United Kingdom
559055,22156,HEART DECORATION WITH PEARLS ,5,7/5/2011 17:09,1.63,,United Kingdom
559055,22174,PHOTO CUBE,1,7/5/2011 17:09,3.29,,United Kingdom
559055,22182,CAKE STAND VICTORIAN FILIGREE SMALL,6,7/5/2011 17:09,4.13,,United Kingdom
559055,22190,LOCAL CAFE MUG,2,7/5/2011 17:09,2.46,,United Kingdom
559055,22197,POPCORN HOLDER,2,7/5/2011 17:09,1.63,,United Kingdom
559055,22199,FRYING PAN RED RETROSPOT,3,7/5/2011 17:09,4.13,,United Kingdom
559055,22201,FRYING PAN BLUE POLKADOT,1,7/5/2011 17:09,4.13,,United Kingdom
559055,22203,MILK PAN RED RETROSPOT,5,7/5/2011 17:09,3.29,,United Kingdom
559055,22204,MILK PAN BLUE POLKADOT,2,7/5/2011 17:09,3.29,,United Kingdom
559055,22208,WOOD STAMP SET THANK YOU,7,7/5/2011 17:09,0.83,,United Kingdom
559055,22209,WOOD STAMP SET HAPPY BIRTHDAY,4,7/5/2011 17:09,0.83,,United Kingdom
559055,22210,WOOD STAMP SET BEST WISHES,3,7/5/2011 17:09,0.83,,United Kingdom
559055,22211,WOOD STAMP SET FLOWERS,8,7/5/2011 17:09,0.83,,United Kingdom
559055,22215,CAKE STAND WHITE TWO TIER LACE,1,7/5/2011 17:09,16.63,,United Kingdom
559055,22227,HANGING HEART MIRROR DECORATION ,1,7/5/2011 17:09,1.25,,United Kingdom
559055,22228,BUNNY WOODEN PAINTED WITH BIRD ,2,7/5/2011 17:09,0.83,,United Kingdom
559055,22229,BUNNY WOODEN PAINTED WITH FLOWER ,2,7/5/2011 17:09,0.83,,United Kingdom
559055,22230,JIGSAW TREE WITH WATERING CAN,11,7/5/2011 17:09,0.83,,United Kingdom
559055,22231,JIGSAW TREE WITH BIRDHOUSE,12,7/5/2011 17:09,1.25,,United Kingdom
559055,22232,JIGSAW TOADSTOOLS 3 PIECE,5,7/5/2011 17:09,1.25,,United Kingdom
559055,22233,JIGSAW RABBIT AND BIRDHOUSE,7,7/5/2011 17:09,1.25,,United Kingdom
559055,22244,3 HOOK HANGER MAGIC GARDEN,3,7/5/2011 17:09,4.13,,United Kingdom
559055,22246,MAGIC GARDEN FELT GARLAND ,5,7/5/2011 17:09,1.63,,United Kingdom
559055,22248,DECORATION  PINK CHICK MAGIC GARDEN,1,7/5/2011 17:09,0.83,,United Kingdom
559055,22250,DECORATION  BUTTERFLY  MAGIC GARDEN,7,7/5/2011 17:09,0.83,,United Kingdom
559055,22251,BIRDHOUSE DECORATION MAGIC GARDEN,6,7/5/2011 17:09,0.83,,United Kingdom
559055,22268,DECORATION SITTING BUNNY,1,7/5/2011 17:09,0.63,,United Kingdom
559055,22273,FELTCRAFT DOLL MOLLY,1,7/5/2011 17:09,5.79,,United Kingdom
559055,22277,COSMETIC BAG VINTAGE ROSE PAISLEY,9,7/5/2011 17:09,1.63,,United Kingdom
559055,22278,OVERNIGHT BAG VINTAGE ROSE PAISLEY,1,7/5/2011 17:09,4.13,,United Kingdom
559055,22279,POCKET BAG BLUE PAISLEY RED SPOT,6,7/5/2011 17:09,0.83,,United Kingdom
559055,22280,POCKET BAG PINK PAISELY BROWN SPOT,11,7/5/2011 17:09,0.83,,United Kingdom
559055,22291,HANGING CHICK CREAM DECORATION,3,7/5/2011 17:09,1.25,,United Kingdom
559055,22292,HANGING CHICK  YELLOW DECORATION,2,7/5/2011 17:09,1.25,,United Kingdom
559055,22293,HANGING CHICK GREEN DECORATION,3,7/5/2011 17:09,1.25,,United Kingdom
559055,22300,COFFEE MUG DOG + BALL DESIGN,1,7/5/2011 17:09,4.96,,United Kingdom
559055,22301,COFFEE MUG CAT + BIRD DESIGN,1,7/5/2011 17:09,4.96,,United Kingdom
559055,22302,COFFEE MUG PEARS  DESIGN,1,7/5/2011 17:09,4.96,,United Kingdom
559055,22305,COFFEE MUG PINK PAISLEY DESIGN,1,7/5/2011 17:09,4.96,,United Kingdom
559055,22315,200 RED + WHITE BENDY STRAWS,4,7/5/2011 17:09,1.25,,United Kingdom
559055,22316,200 BENDY SKULL STRAWS,2,7/5/2011 17:09,1.25,,United Kingdom
559055,22322,BIRD DECORATION GREEN POLKADOT,1,7/5/2011 17:09,0.83,,United Kingdom
559055,22329,ROUND CONTAINER SET OF 5 RETROSPOT,8,7/5/2011 17:09,1.63,,United Kingdom
559055,22358,KINGS CHOICE TEA CADDY ,3,7/5/2011 17:09,2.46,,United Kingdom
559055,22365,DOORMAT RESPECTABLE HOUSE,1,7/5/2011 17:09,15.79,,United Kingdom
559055,22371,AIRLINE BAG VINTAGE TOKYO 78,7,7/5/2011 17:09,4.13,,United Kingdom
559055,22372,AIRLINE BAG VINTAGE WORLD CHAMPION ,1,7/5/2011 17:09,4.13,,United Kingdom
559055,22374,AIRLINE BAG VINTAGE JET SET RED,2,7/5/2011 17:09,4.13,,United Kingdom
559055,22376,AIRLINE BAG VINTAGE JET SET WHITE,1,7/5/2011 17:09,4.13,,United Kingdom
559055,22377,BOTTLE BAG RETROSPOT ,13,7/5/2011 17:09,1.63,,United Kingdom
559055,22378,WALL TIDY RETROSPOT ,7,7/5/2011 17:09,1.63,,United Kingdom
559055,22379,RECYCLING BAG RETROSPOT ,2,7/5/2011 17:09,4.13,,United Kingdom
559055,22381,TOY TIDY PINK POLKADOT,1,7/5/2011 17:09,4.13,,United Kingdom
559055,22382,LUNCH BAG SPACEBOY DESIGN ,1,7/5/2011 17:09,4.13,,United Kingdom
559055,22383,LUNCH BAG SUKI DESIGN ,3,7/5/2011 17:09,4.13,,United Kingdom
559055,22385,JUMBO BAG SPACEBOY DESIGN,2,7/5/2011 17:09,4.13,,United Kingdom
559055,22411,JUMBO SHOPPER VINTAGE RED PAISLEY,3,7/5/2011 17:09,4.13,,United Kingdom
559055,22416,SET OF 36 DOILIES SPACEBOY DESIGN ,3,7/5/2011 17:09,1.25,,United Kingdom
559055,22423,REGENCY CAKESTAND 3 TIER,1,7/5/2011 17:09,24.96,,United Kingdom
559055,22424,ENAMEL BREAD BIN CREAM,1,7/5/2011 17:09,24.96,,United Kingdom
559055,22437,SET OF 9 BLACK SKULL BALLOONS,1,7/5/2011 17:09,1.63,,United Kingdom
559055,22441,GROW YOUR OWN BASIL IN ENAMEL MUG,1,7/5/2011 17:09,4.13,,United Kingdom
559055,22449,SILK PURSE BABUSHKA PINK,1,7/5/2011 17:09,6.63,,United Kingdom
559055,22457,NATURAL SLATE HEART CHALKBOARD ,6,7/5/2011 17:09,5.79,,United Kingdom
559055,22467,GUMBALL COAT RACK,1,7/5/2011 17:09,4.96,,United Kingdom
559055,22469,HEART OF WICKER SMALL,1,7/5/2011 17:09,3.29,,United Kingdom
559055,22481,BLACK TEA TOWEL CLASSIC DESIGN,10,7/5/2011 17:09,0.83,,United Kingdom
559055,22489,PACK OF 12 TRADITIONAL CRAYONS,1,7/5/2011 17:09,0.83,,United Kingdom
559055,22494,EMERGENCY FIRST AID TIN ,1,7/5/2011 17:09,2.46,,United Kingdom
559055,22497,SET OF 2 TINS VINTAGE BATHROOM ,1,7/5/2011 17:09,8.29,,United Kingdom
559055,22498,WOODEN REGATTA BUNTING,1,7/5/2011 17:09,4.96,,United Kingdom
559055,22499,WOODEN UNION JACK BUNTING,2,7/5/2011 17:09,4.96,,United Kingdom
559055,22501,PICNIC BASKET WICKER LARGE,1,7/5/2011 17:09,20.79,,United Kingdom
559055,22502,PICNIC BASKET WICKER SMALL,1,7/5/2011 17:09,10.79,,United Kingdom
559055,22504,CABIN BAG VINTAGE RETROSPOT,1,7/5/2011 17:09,16.63,,United Kingdom
559055,22548,HEADS AND TAILS SPORTING FUN,1,7/5/2011 17:09,2.46,,United Kingdom
559055,22557,PLASTERS IN TIN VINTAGE PAISLEY ,1,7/5/2011 17:09,3.29,,United Kingdom
559055,22558,CLOTHES PEGS RETROSPOT PACK 24 ,2,7/5/2011 17:09,3.29,,United Kingdom
559055,22602,RETROSPOT WOODEN HEART DECORATION,1,7/5/2011 17:09,1.63,,United Kingdom
559055,22605,WOODEN CROQUET GARDEN SET,1,7/5/2011 17:09,24.96,,United Kingdom
559055,22608,PENS ASSORTED FUNKY JEWELED ,6,7/5/2011 17:09,0.42,,United Kingdom
559055,22609,PENS ASSORTED SPACEBALL,45,7/5/2011 17:09,0.42,,United Kingdom
559055,22610,PENS ASSORTED FUNNY FACE,33,7/5/2011 17:09,0.42,,United Kingdom
559055,22621,TRADITIONAL KNITTING NANCY,1,7/5/2011 17:09,3.29,,United Kingdom
559055,22628,PICNIC BOXES SET OF 3 RETROSPOT ,7,7/5/2011 17:09,4.13,,United Kingdom
559055,22651,GENTLEMAN SHIRT REPAIR KIT ,4,7/5/2011 17:09,0.79,,United Kingdom
559055,22653,BUTTON BOX ,10,7/5/2011 17:09,1.63,,United Kingdom
559055,22663,JUMBO BAG DOLLY GIRL DESIGN,10,7/5/2011 17:09,2.46,,United Kingdom
559055,22667,RECIPE BOX RETROSPOT ,1,7/5/2011 17:09,5.79,,United Kingdom
559055,22676,FRENCH BLUE METAL DOOR SIGN 1,1,7/5/2011 17:09,2.46,,United Kingdom
559055,22677,FRENCH BLUE METAL DOOR SIGN 2,2,7/5/2011 17:09,2.46,,United Kingdom
559055,22678,FRENCH BLUE METAL DOOR SIGN 3,1,7/5/2011 17:09,2.46,,United Kingdom
559055,22684,FRENCH BLUE METAL DOOR SIGN 9,1,7/5/2011 17:09,2.46,,United Kingdom
559055,22691,DOORMAT WELCOME SUNRISE,1,7/5/2011 17:09,15.79,,United Kingdom
559055,22697,GREEN REGENCY TEACUP AND SAUCER,3,7/5/2011 17:09,5.79,,United Kingdom
559055,22701,PINK DOG BOWL,3,7/5/2011 17:09,2.46,,United Kingdom
559055,22703,PINK CAT BOWL,4,7/5/2011 17:09,1.63,,United Kingdom
559055,22712,CARD DOLLY GIRL ,2,7/5/2011 17:09,0.83,,United Kingdom
559055,22718,CARD CAT AND TREE ,1,7/5/2011 17:09,0.83,,United Kingdom
559055,22721,SET OF 3 CAKE TINS SKETCHBOOK,14,7/5/2011 17:09,4.13,,United Kingdom
559055,22723,SET OF 6 HERB TINS SKETCHBOOK,1,7/5/2011 17:09,3.29,,United Kingdom
559055,22726,ALARM CLOCK BAKELIKE GREEN,1,7/5/2011 17:09,7.46,,United Kingdom
559055,22738,RIBBON REEL SNOWY VILLAGE,1,7/5/2011 17:09,3.29,,United Kingdom
559055,22751,FELTCRAFT PRINCESS OLIVIA DOLL,1,7/5/2011 17:09,7.46,,United Kingdom
559055,22752,SET 7 BABUSHKA NESTING BOXES,3,7/5/2011 17:09,8.29,,United Kingdom
559055,22771,CLEAR DRAWER KNOB ACRYLIC EDWARDIAN,1,7/5/2011 17:09,2.46,,United Kingdom
559055,22785,SQUARECUSHION COVER PINK UNION JACK,2,7/5/2011 17:09,7.46,,United Kingdom
559055,22792,FLUTED ANTIQUE CANDLE HOLDER,6,7/5/2011 17:09,1.63,,United Kingdom
559055,22795,SWEETHEART RECIPE BOOK STAND,1,7/5/2011 17:09,13.29,,United Kingdom
559055,22798,ANTIQUE GLASS DRESSING TABLE POT,1,7/5/2011 17:09,5.79,,United Kingdom
559055,22800,ANTIQUE TALL SWIRLGLASS TRINKET POT,1,7/5/2011 17:09,7.46,,United Kingdom
559055,22807,SET OF 6 T-LIGHTS TOADSTOOLS,1,7/5/2011 17:09,2.46,,United Kingdom
559055,22811,SET OF 6 T-LIGHTS CACTI ,2,7/5/2011 17:09,2.46,,United Kingdom
559055,22813,PACK 3 BOXES BIRD PANNETONE ,1,7/5/2011 17:09,4.13,,United Kingdom
559055,22814,CARD PARTY GAMES ,11,7/5/2011 17:09,0.42,,United Kingdom
559055,22815,CARD PSYCHEDELIC APPLES,16,7/5/2011 17:09,0.42,,United Kingdom
559055,22817,CARD SUKI BIRTHDAY,17,7/5/2011 17:09,0.42,,United Kingdom
559055,22819,"BIRTHDAY CARD, RETRO SPOT",8,7/5/2011 17:09,0.42,,United Kingdom
559055,22820,GIFT BAG BIRTHDAY,5,7/5/2011 17:09,0.42,,United Kingdom
559055,22821,GIFT BAG PSYCHEDELIC APPLES,13,7/5/2011 17:09,0.42,,United Kingdom
559055,22869,NUMBER TILE COTTAGE GARDEN 1,1,7/5/2011 17:09,4.13,,United Kingdom
559055,22870,NUMBER TILE COTTAGE GARDEN 2,1,7/5/2011 17:09,4.13,,United Kingdom
559055,22891,TEA FOR ONE POLKADOT,1,7/5/2011 17:09,4.13,,United Kingdom
559055,22906,12 MESSAGE CARDS WITH ENVELOPES,2,7/5/2011 17:09,3.29,,United Kingdom
559055,22955,36 FOIL STAR CAKE CASES ,1,7/5/2011 17:09,2.46,,United Kingdom
559055,22956,36 FOIL HEART CAKE CASES,1,7/5/2011 17:09,2.46,,United Kingdom
559055,22960,JAM MAKING SET WITH JARS,1,7/5/2011 17:09,8.29,,United Kingdom
559055,22961,JAM MAKING SET PRINTED,3,7/5/2011 17:09,3.29,,United Kingdom
559055,22962,JAM JAR WITH PINK LID,2,7/5/2011 17:09,1.63,,United Kingdom
559055,22963,JAM JAR WITH GREEN LID,2,7/5/2011 17:09,1.63,,United Kingdom
559055,22965,3 TRADITIONAl BISCUIT CUTTERS  SET,1,7/5/2011 17:09,4.13,,United Kingdom
559055,22971,QUEENS GUARD COFFEE MUG,1,7/5/2011 17:09,4.96,,United Kingdom
559055,22972,CHILDREN'S SPACEBOY MUG,1,7/5/2011 17:09,3.29,,United Kingdom
559055,22975,SPACEBOY CHILDRENS EGG CUP,1,7/5/2011 17:09,2.46,,United Kingdom
559055,22983,CARD BILLBOARD FONT,2,7/5/2011 17:09,0.83,,United Kingdom
559055,22993,SET OF 4 PANTRY JELLY MOULDS,1,7/5/2011 17:09,2.46,,United Kingdom
559055,23004,TRAVEL CARD WALLET PANTRY,1,7/5/2011 17:09,0.83,,United Kingdom
559055,23029,DRAWER KNOB CRACKLE GLAZE GREEN,1,7/5/2011 17:09,3.29,,United Kingdom
559055,23060,HEART BEADED TRELLIS DECORATION,2,7/5/2011 17:09,4.13,,United Kingdom
559055,23061,VINTAGE EMBOSSED HEART,1,7/5/2011 17:09,2.46,,United Kingdom
559055,23084,RABBIT NIGHT LIGHT,8,7/5/2011 17:09,4.13,,United Kingdom
559055,23103,JINGLE BELL HEART DECORATION,2,7/5/2011 17:09,3.29,,United Kingdom
559055,23112,PARISIENNE CURIO CABINET,1,7/5/2011 17:09,14.96,,United Kingdom
559055,23119,PACK OF 6 LARGE FRUIT STRAWS ,3,7/5/2011 17:09,1.25,,United Kingdom
559055,23122,PARTY CHARMS 50 PIECES,1,7/5/2011 17:09,1.67,,United Kingdom
559055,23125,6PC WOOD PLATE SET DISPOSABLE,1,7/5/2011 17:09,2.46,,United Kingdom
559055,23156,SET OF 5 MINI GROCERY MAGNETS,1,7/5/2011 17:09,4.13,,United Kingdom
559055,23157,SET OF 6 NATIVITY MAGNETS ,1,7/5/2011 17:09,4.13,,United Kingdom
559055,23159,SET OF 5 PANCAKE DAY MAGNETS,1,7/5/2011 17:09,4.13,,United Kingdom
559055,23165,LARGE CERAMIC TOP STORAGE JAR,1,7/5/2011 17:09,3.29,,United Kingdom
559055,23166,MEDIUM CERAMIC TOP STORAGE JAR,1,7/5/2011 17:09,2.46,,United Kingdom
559055,23167,SMALL CERAMIC TOP STORAGE JAR ,1,7/5/2011 17:09,1.63,,United Kingdom
559055,23171,REGENCY TEA PLATE GREEN ,1,7/5/2011 17:09,3.29,,United Kingdom
559055,23184,BULL DOG BOTTLE OPENER,1,7/5/2011 17:09,10.79,,United Kingdom
559055,23191,BUNDLE OF 3 RETRO NOTE BOOKS,1,7/5/2011 17:09,3.29,,United Kingdom
559055,23197,SKETCHBOOK MAGNETIC SHOPPING LIST,1,7/5/2011 17:09,3.29,,United Kingdom
559055,23198,PANTRY MAGNETIC  SHOPPING LIST,1,7/5/2011 17:09,3.29,,United Kingdom
559055,23199,JUMBO BAG APPLES,11,7/5/2011 17:09,2.08,,United Kingdom
559055,23200,JUMBO BAG PEARS,11,7/5/2011 17:09,2.08,,United Kingdom
559055,23202,JUMBO BAG VINTAGE LEAF,1,7/5/2011 17:09,4.13,,United Kingdom
559055,23203,JUMBO BAG DOILEY PATTERNS,1,7/5/2011 17:09,4.13,,United Kingdom
559055,23204,CHARLOTTE BAG APPLES DESIGN,1,7/5/2011 17:09,1.63,,United Kingdom
559055,23227,FILIGREE HEART BUTTERFLY WHITE ,1,7/5/2011 17:09,2.46,,United Kingdom
559055,23234,BISCUIT TIN VINTAGE CHRISTMAS,1,7/5/2011 17:09,5.79,,United Kingdom
559055,23236,DOILEY STORAGE TIN,1,7/5/2011 17:09,5.79,,United Kingdom
559055,23238,SET OF 4 KNICK KNACK TINS LONDON ,1,7/5/2011 17:09,8.29,,United Kingdom
559055,23241,TREASURE TIN GYMKHANA DESIGN,1,7/5/2011 17:09,4.13,,United Kingdom
559055,23245,SET OF 3 REGENCY CAKE TINS,2,7/5/2011 17:09,10.79,,United Kingdom
559055,23247,BISCUIT TIN 50'S CHRISTMAS,1,7/5/2011 17:09,5.79,,United Kingdom
559055,23253,16 PIECE CUTLERY SET PANTRY DESIGN,5,7/5/2011 17:09,14.13,,United Kingdom
559055,23275,SET OF 3 HANGING OWLS OLLIE BEAK,1,7/5/2011 17:09,2.46,,United Kingdom
559055,23285,PINK VINTAGE SPOT BEAKER,2,7/5/2011 17:09,1.63,,United Kingdom
559055,23300,GARDENERS KNEELING PAD CUP OF TEA ,1,7/5/2011 17:09,3.29,,United Kingdom
559055,23301,GARDENERS KNEELING PAD KEEP CALM ,4,7/5/2011 17:09,3.29,,United Kingdom
559055,23306,SET OF 36 DOILIES PANTRY DESIGN,1,7/5/2011 17:09,2.92,,United Kingdom
559055,23307,SET OF 60 PANTRY DESIGN CAKE CASES ,2,7/5/2011 17:09,1.25,,United Kingdom
559055,23308,SET OF 60 VINTAGE LEAF CAKE CASES ,2,7/5/2011 17:09,1.25,,United Kingdom
559055,23309,SET OF 60 I LOVE LONDON CAKE CASES ,1,7/5/2011 17:09,1.25,,United Kingdom
559055,23321,SMALL WHITE HEART OF WICKER,1,7/5/2011 17:09,3.29,,United Kingdom
559055,23322,LARGE WHITE HEART OF WICKER,3,7/5/2011 17:09,5.79,,United Kingdom
559055,23344,JUMBO BAG 50'S CHRISTMAS ,1,7/5/2011 17:09,4.13,,United Kingdom
559055,35004B,SET OF 3 BLACK FLYING DUCKS,2,7/5/2011 17:09,5.79,,United Kingdom
559055,35095A,BLUE VICTORIAN FABRIC OVAL BOX,1,7/5/2011 17:09,0.83,,United Kingdom
559055,35471D,SET OF 3 BIRD LIGHT PINK FEATHER ,4,7/5/2011 17:09,1.25,,United Kingdom
559055,35637A,IVORY STRING CURTAIN WITH POLE ,1,7/5/2011 17:09,19.13,,United Kingdom
559055,35649,VINTAGE BEAD COSMETIC BAG ,1,7/5/2011 17:09,2.46,,United Kingdom
559055,35653,VINTAGE BEAD NOTEBOOK,5,7/5/2011 17:09,2.46,,United Kingdom
559055,35810A,ENAMEL PINK COFFEE CONTAINER,3,7/5/2011 17:09,2.46,,United Kingdom
559055,35924,HANGING FAIRY CAKE DECORATION,1,7/5/2011 17:09,1.63,,United Kingdom
559055,37340,MULTICOLOUR SPRING FLOWER MUG,12,7/5/2011 17:09,0.69,,United Kingdom
559055,44234,ASSORTED CIRCULAR MOBILE,2,7/5/2011 17:09,0.63,,United Kingdom
559055,46776F,WOVEN ROSE GARDEN CUSHION COVER ,1,7/5/2011 17:09,4.13,,United Kingdom
559055,47369A,PINK GREEN EMBROIDERY COSMETIC BAG,1,7/5/2011 17:09,1.63,,United Kingdom
559055,47369B,BLUE GREEN EMBROIDERY COSMETIC BAG,4,7/5/2011 17:09,1.63,,United Kingdom
559055,47504K,ENGLISH ROSE GARDEN SECATEURS,1,7/5/2011 17:09,3.29,,United Kingdom
559055,47563A,RETRO LONGBOARD IRONING BOARD COVER,1,7/5/2011 17:09,3.29,,United Kingdom
559055,47566,PARTY BUNTING,2,7/5/2011 17:09,10.79,,United Kingdom
559055,47574A,ENGLISH ROSE SCENTED HANGING FLOWER,4,7/5/2011 17:09,2.46,,United Kingdom
559055,47585A,PINK FAIRY CAKE CUSHION COVER,5,7/5/2011 17:09,4.13,,United Kingdom
559055,47593B,SCOTTIE DOGS BABY BIB,4,7/5/2011 17:09,0.83,,United Kingdom
559055,48138,DOORMAT UNION FLAG,1,7/5/2011 17:09,15.79,,United Kingdom
559055,51014A,"FEATHER PEN,HOT PINK",6,7/5/2011 17:09,0.83,,United Kingdom
559055,72799E,IVORY PILLAR CANDLE SILVER FLOCK,1,7/5/2011 17:09,3.29,,United Kingdom
559055,79066K,RETRO MOD TRAY,1,7/5/2011 17:09,1.63,,United Kingdom
559055,79144C,PAINTED LIGHTBULB RAINBOW DESIGN,2,7/5/2011 17:09,0.83,,United Kingdom
559055,82482,WOODEN PICTURE FRAME WHITE FINISH,1,7/5/2011 17:09,5.79,,United Kingdom
559055,82567,"AIRLINE LOUNGE,METAL SIGN",3,7/5/2011 17:09,1.63,,United Kingdom
559055,82578,KITCHEN METAL SIGN,1,7/5/2011 17:09,1.25,,United Kingdom
559055,82581,TOILET METAL SIGN,1,7/5/2011 17:09,1.25,,United Kingdom
559055,84031B,CHARLIE LOLA BLUE HOT WATER BOTTLE ,17,7/5/2011 17:09,4.13,,United Kingdom
559055,84032A,CHARLIE+LOLA PINK HOT WATER BOTTLE,4,7/5/2011 17:09,3.29,,United Kingdom
559055,84077,WORLD WAR 2 GLIDERS ASSTD DESIGNS,2,7/5/2011 17:09,0.63,,United Kingdom
559055,84251B,"GREETING CARD, STICKY GORDON",2,7/5/2011 17:09,0.42,,United Kingdom
559055,84251G,"GREETING CARD, OVERCROWDED POOL.",1,7/5/2011 17:09,0.42,,United Kingdom
559055,84356,POMPOM CURTAIN,5,7/5/2011 17:09,5.79,,United Kingdom
559055,84375,SET OF 20 KIDS COOKIE CUTTERS,1,7/5/2011 17:09,4.13,,United Kingdom
559055,84378,SET OF 3 HEART COOKIE CUTTERS,2,7/5/2011 17:09,2.46,,United Kingdom
559055,84406B,CREAM CUPID HEARTS COAT HANGER,2,7/5/2011 17:09,8.29,,United Kingdom
559055,84509A,SET OF 4 ENGLISH ROSE PLACEMATS,8,7/5/2011 17:09,3.29,,United Kingdom
559055,84509B,SET OF 4 FAIRY CAKE PLACEMATS,1,7/5/2011 17:09,3.29,,United Kingdom
559055,84510A,SET OF 4 ENGLISH ROSE COASTERS,1,7/5/2011 17:09,2.46,,United Kingdom
559055,84536A,ENGLISH ROSE NOTEBOOK A7 SIZE,3,7/5/2011 17:09,0.42,,United Kingdom
559055,84536B,FAIRY CAKES NOTEBOOK A7 SIZE,4,7/5/2011 17:09,0.42,,United Kingdom
559055,84558A,3D DOG PICTURE PLAYING CARDS,3,7/5/2011 17:09,2.29,,United Kingdom
559055,84559A,3D SHEET OF DOG STICKERS,1,7/5/2011 17:09,0.79,,United Kingdom
559055,84569A,PACK 3 IRON ON DOG PATCHES,1,7/5/2011 17:09,0.83,,United Kingdom
559055,84569D,PACK 6 HEART/ICE-CREAM PATCHES,3,7/5/2011 17:09,0.83,,United Kingdom
559055,84576,BLUE CAT BISCUIT BARREL PINK HEART,2,7/5/2011 17:09,4.13,,United Kingdom
559055,84584,PINK GINGHAM CAT WITH SCARF,8,7/5/2011 17:09,1.63,,United Kingdom
559055,84595E,LARGE TORTILLA DESIGN RED BOWL,1,7/5/2011 17:09,3.29,,United Kingdom
559055,84596B,SMALL DOLLY MIX DESIGN ORANGE BOWL,6,7/5/2011 17:09,0.83,,United Kingdom
559055,84596F,SMALL MARSHMALLOWS PINK BOWL,2,7/5/2011 17:09,0.83,,United Kingdom
559055,84596G,SMALL CHOCOLATES PINK BOWL,1,7/5/2011 17:09,0.83,,United Kingdom
559055,84596L,BISCUITS SMALL BOWL LIGHT BLUE,1,7/5/2011 17:09,0.83,,United Kingdom
559055,84659A,WHITE TRAVEL ALARM CLOCK,3,7/5/2011 17:09,2.46,,United Kingdom
559055,84660C,PINK STITCHED WALL CLOCK,1,7/5/2011 17:09,7.46,,United Kingdom
559055,84673A,PINK FLY SWAT,3,7/5/2011 17:09,0.79,,United Kingdom
559055,84673B,BLUE FLY SWAT,1,7/5/2011 17:09,0.79,,United Kingdom
559055,84692,BOX OF 24 COCKTAIL PARASOLS,2,7/5/2011 17:09,0.83,,United Kingdom
559055,84708B,PINK JEWELLED PHOTO FRAME ,1,7/5/2011 17:09,9.96,,United Kingdom
559055,84746,PINK EASTER HENS+FLOWER,1,7/5/2011 17:09,2.46,,United Kingdom
559055,84748,FOLK FELT HANGING MULTICOL GARLAND,2,7/5/2011 17:09,2.46,,United Kingdom
559055,84796A,PINK HAWAIIAN PICNIC HAMPER FOR 2,3,7/5/2011 17:09,8.29,,United Kingdom
559055,84796B,BLUE SAVANNAH PICNIC HAMPER FOR 2,4,7/5/2011 17:09,8.29,,United Kingdom
559055,84813,SET OF 4 DIAMOND NAPKIN RINGS,1,7/5/2011 17:09,5.79,,United Kingdom
559055,84828,JUNGLE POPSICLES ICE LOLLY MOULDS,7,7/5/2011 17:09,1.25,,United Kingdom
559055,84876B,GREEN HEART COMPACT MIRROR,2,7/5/2011 17:09,2.46,,United Kingdom
559055,84877B,GREEN ROUND COMPACT MIRROR,1,7/5/2011 17:09,2.46,,United Kingdom
559055,84907,PINK YELLOW PATCH CUSHION COVER,1,7/5/2011 17:09,5.79,,United Kingdom
559055,84912A,PINK ROSE WASHBAG,1,7/5/2011 17:09,3.29,,United Kingdom
559055,84912B,GREEN ROSE WASHBAG,1,7/5/2011 17:09,3.29,,United Kingdom
559055,84913A,SOFT PINK ROSE TOWEL ,3,7/5/2011 17:09,3.29,,United Kingdom
559055,84969,BOX OF 6 ASSORTED COLOUR TEASPOONS,11,7/5/2011 17:09,3.29,,United Kingdom
559055,84997D,CHILDRENS CUTLERY POLKADOT PINK,1,7/5/2011 17:09,8.29,,United Kingdom
559055,85017B,ENVELOPE 50 BLOSSOM IMAGES,1,7/5/2011 17:09,0.83,,United Kingdom
559055,85019B,BLOSSOM  IMAGES NOTEBOOK SET,1,7/5/2011 17:09,2.46,,United Kingdom
559055,85025B,EAU DE NILE HEART SHAPE PHOTO FRAME,1,7/5/2011 17:09,3.29,,United Kingdom
559055,85025C,PINK HEART SHAPE PHOTO FRAME,1,7/5/2011 17:09,3.29,,United Kingdom
559055,85039B,S/4 IVORY MINI ROSE CANDLE IN BOWL,6,7/5/2011 17:09,1.63,,United Kingdom
559055,85049A,TRADITIONAL CHRISTMAS RIBBONS,1,7/5/2011 17:09,2.46,,United Kingdom
559055,85049E,SCANDINAVIAN REDS RIBBONS,1,7/5/2011 17:09,2.46,,United Kingdom
559055,85062,PEARL CRYSTAL PUMPKIN T-LIGHT HLDR,1,7/5/2011 17:09,2.46,,United Kingdom
559055,85086A,CANDY SPOT HEART DECORATION,2,7/5/2011 17:09,0.83,,United Kingdom
559055,85087,CANDY SPOT CUSHION COVER,3,7/5/2011 17:09,3.29,,United Kingdom
559055,85088,CANDY SPOT HAND BAG,1,7/5/2011 17:09,4.13,,United Kingdom
559055,85093,CANDY SPOT EGG WARMER HARE,2,7/5/2011 17:09,0.83,,United Kingdom
559055,85095,THREE CANVAS LUGGAGE TAGS,1,7/5/2011 17:09,0.83,,United Kingdom
559055,85099B,JUMBO BAG RED RETROSPOT,1,7/5/2011 17:09,4.13,,United Kingdom
559055,85099F,JUMBO BAG STRAWBERRY,2,7/5/2011 17:09,4.13,,United Kingdom
559055,85114B,IVORY ENCHANTED FOREST PLACEMAT,1,7/5/2011 17:09,3.29,,United Kingdom
559055,85131A,BEADED PEARL HEART WHITE ON STICK,2,7/5/2011 17:09,0.83,,United Kingdom
559055,85131B,BEADED CRYSTAL HEART GREEN ON STICK,2,7/5/2011 17:09,0.83,,United Kingdom
559055,85131D,BEADED CRYSTAL HEART PINK ON STICK,8,7/5/2011 17:09,0.83,,United Kingdom
559055,85132C,CHARLIE AND LOLA FIGURES TINS,2,7/5/2011 17:09,5.79,,United Kingdom
559055,85170C,SET/6 EAU DE NIL BIRD T-LIGHTS,1,7/5/2011 17:09,2.46,,United Kingdom
559055,85176,SEWING SUSAN 21 NEEDLE SET,3,7/5/2011 17:09,0.79,,United Kingdom
559055,85178,VICTORIAN SEWING KIT,5,7/5/2011 17:09,0.79,,United Kingdom
559055,85184C,SET 4 VALENTINE DECOUPAGE HEART BOX,1,7/5/2011 17:09,5.79,,United Kingdom
559055,85208,SET/12 FUNKY FELT FLOWER PEG IN BAG,1,7/5/2011 17:09,1.63,,United Kingdom
559055,85214,TUB 24 PINK FLOWER PEGS,4,7/5/2011 17:09,1.63,,United Kingdom
559055,90030B,RED KUKUI COCONUT SEED NECKLACE,1,7/5/2011 17:09,5.82,,United Kingdom
559055,90059F,DIAMANTE HAIR GRIP PACK/2 LT ROSE,1,7/5/2011 17:09,1.65,,United Kingdom
559055,90114,SUMMER DAISIES BAG CHARM,1,7/5/2011 17:09,2.46,,United Kingdom
559055,90133,TEAL/FUSCHIA COL BEAD NECKLACE,1,7/5/2011 17:09,4.98,,United Kingdom
559055,90161A,ANT COPPER RED BOUDICCA BRACELET,1,7/5/2011 17:09,4.98,,United Kingdom
559055,90163A,PINK ROSEBUD & PEARL NECKLACE,1,7/5/2011 17:09,7.48,,United Kingdom
559055,90164A,PINK ROSEBUD PEARL BRACELET,1,7/5/2011 17:09,7.48,,United Kingdom
559055,90165A,PINK ROSEBUD PEARL EARRINGS,1,7/5/2011 17:09,2.48,,United Kingdom
559055,10133,COLOURING PENCILS BROWN TUBE,1,7/5/2011 17:09,0.83,,United Kingdom
559055,11001,ASSTD DESIGN RACING CAR PEN,6,7/5/2011 17:09,0.83,,United Kingdom
559055,15036,ASSORTED COLOURS SILK FAN,1,7/5/2011 17:09,1.63,,United Kingdom
559055,15044A,PINK PAPER PARASOL ,1,7/5/2011 17:09,5.79,,United Kingdom
559055,15056N,EDWARDIAN PARASOL NATURAL,1,7/5/2011 17:09,12.46,,United Kingdom
559055,16020C,CLEAR STATIONERY BOX SET ,1,7/5/2011 17:09,0.83,,United Kingdom
559055,17012D,ORIGAMI ROSE INCENSE/CANDLE SET ,1,7/5/2011 17:09,2.46,,United Kingdom
559055,17012F,ORIGAMI SANDLEWOOD INCENSE/CAND SET,13,7/5/2011 17:09,2.46,,United Kingdom
559055,20619,TROPICAL PASSPORT COVER ,1,7/5/2011 17:09,1.63,,United Kingdom
559055,20622,VIP PASSPORT COVER ,2,7/5/2011 17:09,1.63,,United Kingdom
559055,20659,ECONOMY LUGGAGE TAG,2,7/5/2011 17:09,0.83,,United Kingdom
559055,20661,BLUE POLKADOT PURSE ,2,7/5/2011 17:09,2.46,,United Kingdom
559055,20662,FIRST CLASS HOLIDAY PURSE ,2,7/5/2011 17:09,2.46,,United Kingdom
559055,20665,RED RETROSPOT PURSE ,6,7/5/2011 17:09,2.46,,United Kingdom
559055,20666,ECONOMY HOLIDAY PURSE,4,7/5/2011 17:09,0.83,,United Kingdom
559055,20669,RED HEART LUGGAGE TAG,7,7/5/2011 17:09,0.83,,United Kingdom
559055,20707,CRAZY DAISY HEART DECORATION,2,7/5/2011 17:09,0.83,,United Kingdom
559055,20712,JUMBO BAG WOODLAND ANIMALS,1,7/5/2011 17:09,4.13,,United Kingdom
559055,20713,JUMBO BAG OWLS,1,7/5/2011 17:09,4.13,,United Kingdom
559055,20719,WOODLAND CHARLOTTE BAG,2,7/5/2011 17:09,1.63,,United Kingdom
559055,20725,LUNCH BAG RED RETROSPOT,1,7/5/2011 17:09,4.13,,United Kingdom
559055,20726,LUNCH BAG WOODLAND,4,7/5/2011 17:09,4.13,,United Kingdom
559055,20733,GOLD MINI TAPE MEASURE ,4,7/5/2011 17:09,0.83,,United Kingdom
559055,20751,FUNKY WASHING UP GLOVES ASSORTED,1,7/5/2011 17:09,4.13,,United Kingdom
559055,20752,BLUE POLKADOT WASHING UP GLOVES,3,7/5/2011 17:09,2.46,,United Kingdom
559055,20754,RETROSPOT RED WASHING UP GLOVES,1,7/5/2011 17:09,4.13,,United Kingdom
559055,20767,BLUE PAISLEY JOURNAL ,1,7/5/2011 17:09,2.46,,United Kingdom
559055,20768,GREEN FERN JOURNAL ,1,7/5/2011 17:09,2.46,,United Kingdom
559055,20770,ABSTRACT CIRCLE JOURNAL ,2,7/5/2011 17:09,2.46,,United Kingdom
559055,20771,CHRYSANTHEMUM  JOURNAL,2,7/5/2011 17:09,2.46,,United Kingdom
559055,20772,GARDEN PATH JOURNAL,1,7/5/2011 17:09,2.46,,United Kingdom
559055,20831,GOLD PHOTO FRAME,1,7/5/2011 17:09,4.13,,United Kingdom
559055,20839,FRENCH PAISLEY CUSHION COVER ,2,7/5/2011 17:09,3.29,,United Kingdom
559055,20856,DENIM PATCH PURSE PINK BUTTERFLY,4,7/5/2011 17:09,1.63,,United Kingdom
559055,20902,VINTAGE KEEPSAKE BOX PARIS DAYS,5,7/5/2011 17:09,4.13,,United Kingdom
559055,90174,BUTTERFLY HAIR BAND,1,7/5/2011 17:09,2.48,,United Kingdom
559055,90177C,DROP DIAMANTE EARRINGS CRYSTAL,1,7/5/2011 17:09,2.9,,United Kingdom
559055,90181B,AMETHYST GLASS/SHELL/PEARL NECKLACE,1,7/5/2011 17:09,9.15,,United Kingdom
559055,90182C,BLACK 3 BEAD DROP EARRINGS,1,7/5/2011 17:09,2.9,,United Kingdom
559055,90183C,BLACK DROP EARRINGS W LONG BEADS,1,7/5/2011 17:09,2.9,,United Kingdom
559055,90187B,GREEN DROP EARRINGS W BEAD CLUSTER,1,7/5/2011 17:09,3.32,,United Kingdom
559055,90192,JADE DROP EARRINGS W FILIGREE,1,7/5/2011 17:09,4.98,,United Kingdom
559055,90200B,BLACK SWEETHEART BRACELET,1,7/5/2011 17:09,4.15,,United Kingdom
559055,90200D,PINK SWEETHEART BRACELET,2,7/5/2011 17:09,4.15,,United Kingdom
559055,90200E,GREEN SWEETHEART BRACELET,1,7/5/2011 17:09,4.15,,United Kingdom
559055,90209B,GREEN ENAMEL+GLASS HAIR COMB,3,7/5/2011 17:09,2.07,,United Kingdom
559055,90210D,PURPLE ACRYLIC FACETED BANGLE,1,7/5/2011 17:09,2.9,,United Kingdom
559055,DOT,DOTCOM POSTAGE,1,7/5/2011 17:09,531.65,,United Kingdom
559055,20903,VINTAGE KEEPSAKE BOX TRAVELOGUE,1,7/5/2011 17:09,4.13,,United Kingdom
559055,20914,SET/5 RED RETROSPOT LID GLASS BOWLS,1,7/5/2011 17:09,5.79,,United Kingdom
559055,20971,PINK BLUE FELT CRAFT TRINKET BOX,2,7/5/2011 17:09,2.46,,United Kingdom
559055,20972,PINK CREAM FELT CRAFT TRINKET BOX ,2,7/5/2011 17:09,2.46,,United Kingdom
559055,20977,36 PENCILS TUBE WOODLAND,1,7/5/2011 17:09,2.46,,United Kingdom
559055,20978,36 PENCILS TUBE SKULLS,1,7/5/2011 17:09,2.46,,United Kingdom
559055,20979,36 PENCILS TUBE RED RETROSPOT,2,7/5/2011 17:09,2.46,,United Kingdom
559055,20986,BLUE CALCULATOR RULER,2,7/5/2011 17:09,0.83,,United Kingdom
559055,20992,JAZZ HEARTS PURSE NOTEBOOK,3,7/5/2011 17:09,0.83,,United Kingdom
559055,20996,JAZZ HEARTS ADDRESS BOOK,3,7/5/2011 17:09,0.42,,United Kingdom
559055,21003,ROSE DU SUD CUSHION COVER,1,7/5/2011 17:09,5.79,,United Kingdom
559055,21012,ANTIQUE ALL GLASS CANDLESTICK,2,7/5/2011 17:09,2.46,,United Kingdom
559055,21033,JUMBO BAG CHARLIE AND LOLA TOYS,15,7/5/2011 17:09,2.46,,United Kingdom
559055,21035,SET/2 RED RETROSPOT TEA TOWELS ,1,7/5/2011 17:09,6.63,,United Kingdom
559055,21055,TOOL BOX SOFT TOY ,1,7/5/2011 17:09,16.63,,United Kingdom
559055,21058,PARTY INVITES WOODLAND,6,7/5/2011 17:09,0.83,,United Kingdom
559055,21060,PARTY INVITES BALLOON GIRL,1,7/5/2011 17:09,0.83,,United Kingdom
559055,21063,PARTY INVITES JAZZ HEARTS,3,7/5/2011 17:09,0.83,,United Kingdom
559055,21064,BOOM BOX SPEAKER BOYS,1,7/5/2011 17:09,11.63,,United Kingdom
559055,21084,SET/6 COLLAGE PAPER CUPS,2,7/5/2011 17:09,0.83,,United Kingdom
559055,21090,SET/6 COLLAGE PAPER PLATES,3,7/5/2011 17:09,0.83,,United Kingdom
559055,21098,CHRISTMAS TOILET ROLL,1,7/5/2011 17:09,2.46,,United Kingdom
559055,21172,PARTY METAL SIGN ,1,7/5/2011 17:09,4.13,,United Kingdom
559055,21175,GIN + TONIC DIET METAL SIGN,1,7/5/2011 17:09,4.96,,United Kingdom
559055,21179,NO JUNK MAIL METAL SIGN,4,7/5/2011 17:09,1.63,,United Kingdom
559055,21189,WHITE HONEYCOMB PAPER GARLAND ,3,7/5/2011 17:09,3.29,,United Kingdom
559055,21197,MULTICOLOUR  CONFETTI IN TUBE,3,7/5/2011 17:09,0.83,,United Kingdom
559055,21198,WHITE HEART CONFETTI IN TUBE,7,7/5/2011 17:09,0.83,,United Kingdom
559055,21199,PINK  HEART CONFETTI IN TUBE,10,7/5/2011 17:09,0.83,,United Kingdom
559055,21204,DAISIES  HONEYCOMB GARLAND ,3,7/5/2011 17:09,1.63,,United Kingdom
559055,21206,STRAWBERRY HONEYCOMB  GARLAND ,3,7/5/2011 17:09,1.63,,United Kingdom
559055,21207,SKULL AND CROSSBONES  GARLAND ,2,7/5/2011 17:09,1.63,,United Kingdom
559055,21211,SET OF 72 SKULL PAPER  DOILIES,3,7/5/2011 17:09,1.25,,United Kingdom
559055,21212,PACK OF 72 RETROSPOT CAKE CASES,1,7/5/2011 17:09,1.25,,United Kingdom
559055,21213,PACK OF 72 SKULL CAKE CASES,2,7/5/2011 17:09,1.25,,United Kingdom
559055,21217,RED RETROSPOT ROUND CAKE TINS,2,7/5/2011 17:09,20.79,,United Kingdom
559055,21224,SET/4 SKULL BADGES,2,7/5/2011 17:09,0.83,,United Kingdom
559055,21226,POCKET MIRROR WOODLAND,10,7/5/2011 17:09,0.83,,United Kingdom
559055,21232,STRAWBERRY CERAMIC TRINKET BOX,1,7/5/2011 17:09,2.46,,United Kingdom
559055,21238,RED RETROSPOT CUP,6,7/5/2011 17:09,1.63,,United Kingdom
559055,21327,SKULLS WRITING SET ,4,7/5/2011 17:09,0.83,,United Kingdom
559055,21328,BALLOONS  WRITING SET ,15,7/5/2011 17:09,0.83,,United Kingdom
559055,21329,DINOSAURS  WRITING SET ,8,7/5/2011 17:09,0.83,,United Kingdom
559055,21366,MIRRORED WALL ART PHOTO FRAMES,4,7/5/2011 17:09,3.29,,United Kingdom
559055,21382,SET/4 SPRING FLOWER DECORATION,4,7/5/2011 17:09,1.63,,United Kingdom
559055,21383,PACK OF 12 STICKY BUNNIES,2,7/5/2011 17:09,0.83,,United Kingdom
559055,21389,IVORY HANGING DECORATION  BIRD,1,7/5/2011 17:09,0.83,,United Kingdom
559055,21390,FILIGRIS HEART WITH BUTTERFLY,1,7/5/2011 17:09,2.46,,United Kingdom
559055,21391,FRENCH LAVENDER SCENT HEART,2,7/5/2011 17:09,1.63,,United Kingdom
559055,21417,COCKLE SHELL DISH,1,7/5/2011 17:09,4.13,,United Kingdom
559055,21429,RED GINGHAM ROSE JEWELLERY BOX,1,7/5/2011 17:09,4.13,,United Kingdom
559055,21439,BASKET OF TOADSTOOLS,2,7/5/2011 17:09,1.25,,United Kingdom
559055,21447,12 IVORY ROSE PEG PLACE SETTINGS,2,7/5/2011 17:09,2.46,,United Kingdom
559055,21455,PAINTED YELLOW WOODEN DAISY,3,7/5/2011 17:09,0.83,,United Kingdom
559055,21466,RED FLOWER CROCHET FOOD COVER,1,7/5/2011 17:09,3.29,,United Kingdom
559055,21467,CHERRY CROCHET FOOD COVER,3,7/5/2011 17:09,3.29,,United Kingdom
559055,21469,POLKA DOT RAFFIA FOOD COVER,1,7/5/2011 17:09,3.29,,United Kingdom
559055,21470,FLOWER VINE RAFFIA FOOD COVER,7,7/5/2011 17:09,3.29,,United Kingdom
559055,21471,STRAWBERRY RAFFIA FOOD COVER,2,7/5/2011 17:09,3.29,,United Kingdom
559055,21494,ROTATING LEAVES T-LIGHT HOLDER,5,7/5/2011 17:09,1.63,,United Kingdom
559055,21506,"FANCY FONT BIRTHDAY CARD, ",1,7/5/2011 17:09,0.83,,United Kingdom
559055,21508,VINTAGE KID DOLLY CARD ,1,7/5/2011 17:09,0.83,,United Kingdom
559055,21509,COWBOYS AND INDIANS BIRTHDAY CARD ,2,7/5/2011 17:09,0.83,,United Kingdom
559055,21519,GIN & TONIC DIET GREETING CARD ,1,7/5/2011 17:09,0.83,,United Kingdom
559055,21523,DOORMAT FANCY FONT HOME SWEET HOME,1,7/5/2011 17:09,15.79,,United Kingdom
559055,21534,DAIRY MAID LARGE MILK JUG,6,7/5/2011 17:09,4.13,,United Kingdom
559055,21558,SKULL LUNCH BOX WITH CUTLERY ,1,7/5/2011 17:09,4.96,,United Kingdom
559055,21559,STRAWBERRY LUNCH BOX WITH CUTLERY,1,7/5/2011 17:09,4.96,,United Kingdom
559055,21576,LETS GO SHOPPING COTTON TOTE BAG,2,7/5/2011 17:09,1.63,,United Kingdom
559055,21577,SAVE THE PLANET COTTON TOTE BAG,8,7/5/2011 17:09,1.63,,United Kingdom
559055,21578,WOODLAND DESIGN  COTTON TOTE BAG,7,7/5/2011 17:09,1.63,,United Kingdom
559055,21579,LOLITA  DESIGN  COTTON TOTE BAG,1,7/5/2011 17:09,1.63,,United Kingdom
559055,21580,RABBIT  DESIGN  COTTON TOTE BAG,4,7/5/2011 17:09,1.63,,United Kingdom
559055,21615,4 LAVENDER BOTANICAL DINNER CANDLES,2,7/5/2011 17:09,2.46,,United Kingdom
559055,21616,4 PEAR BOTANICAL DINNER CANDLES,1,7/5/2011 17:09,2.46,,United Kingdom
559055,21617,4 LILY  BOTANICAL DINNER CANDLES,2,7/5/2011 17:09,2.46,,United Kingdom
559055,21618,4 WILDFLOWER BOTANICAL CANDLES,5,7/5/2011 17:09,2.46,,United Kingdom
559055,21619,4 VANILLA BOTANICAL CANDLES,1,7/5/2011 17:09,2.46,,United Kingdom
559055,21620,SET OF 4 ROSE BOTANICAL CANDLES,4,7/5/2011 17:09,2.46,,United Kingdom
559055,21625,VINTAGE UNION JACK APRON,2,7/5/2011 17:09,4.13,,United Kingdom
559055,21633,SUNFLOWER DECORATIVE PARASOL,1,7/5/2011 17:09,8.29,,United Kingdom
559055,21677,HEARTS  STICKERS,1,7/5/2011 17:09,1.63,,United Kingdom
559055,21706,FOLDING UMBRELLA RED/WHITE POLKADOT,4,7/5/2011 17:09,3.29,,United Kingdom
559055,21707,FOLDING UMBRELLA BLACKBLUE POLKADOT,1,7/5/2011 17:09,3.29,,United Kingdom
559055,21708,FOLDING UMBRELLA CREAM POLKADOT,1,7/5/2011 17:09,3.29,,United Kingdom
559055,21709,FOLDING UMBRELLA CHOCOLATE POLKADOT,2,7/5/2011 17:09,3.29,,United Kingdom
559055,21710,FOLDING UMBRELLA PINKWHITE POLKADOT,1,7/5/2011 17:09,3.29,,United Kingdom
559055,21711,FOLDING UMBRELLA WHITE/RED POLKADOT,5,7/5/2011 17:09,3.29,,United Kingdom
559055,21713,CITRONELLA CANDLE FLOWERPOT,2,7/5/2011 17:09,4.13,,United Kingdom
559055,21714,CITRONELLA CANDLE GARDEN POT,2,7/5/2011 17:09,2.46,,United Kingdom
559055,21715,GIRLS VINTAGE TIN SEASIDE BUCKET,2,7/5/2011 17:09,2.46,,United Kingdom
559055,21716,BOYS VINTAGE TIN SEASIDE BUCKET,4,7/5/2011 17:09,2.46,,United Kingdom
559055,21718,RED METAL BEACH SPADE ,2,7/5/2011 17:09,2.46,,United Kingdom
559055,21719,LOVELY BONBON STICKER SHEET,1,7/5/2011 17:09,0.79,,United Kingdom
559055,21722,SWEET PUDDING STICKER SHEET,1,7/5/2011 17:09,0.83,,United Kingdom
559055,21724,PANDA AND BUNNIES STICKER SHEET,5,7/5/2011 17:09,0.79,,United Kingdom
559056,21175,GIN + TONIC DIET METAL SIGN,12,7/6/2011 9:15,2.55,14645,United Kingdom
559056,22457,NATURAL SLATE HEART CHALKBOARD ,6,7/6/2011 9:15,2.95,14645,United Kingdom
559056,84660B,BLACK STITCHED WALL CLOCK,4,7/6/2011 9:15,3.75,14645,United Kingdom
559056,22192,BLUE DINER WALL CLOCK,2,7/6/2011 9:15,8.5,14645,United Kingdom
559056,21094,SET/6 RED SPOTTY PAPER PLATES,12,7/6/2011 9:15,0.85,14645,United Kingdom
559056,21089,SET/6 GREEN SPRING PAPER CUPS,12,7/6/2011 9:15,0.19,14645,United Kingdom
559056,21088,SET/6 FRUIT SALAD PAPER CUPS,24,7/6/2011 9:15,0.19,14645,United Kingdom
559056,21096,SET/6 FRUIT SALAD  PAPER PLATES,12,7/6/2011 9:15,0.39,14645,United Kingdom
559056,21395,BLUE POLKADOT BEAKER ,48,7/6/2011 9:15,0.39,14645,United Kingdom
559056,21400,RED PUDDING SPOON,24,7/6/2011 9:15,0.12,14645,United Kingdom
559056,21401,BLUE PUDDING SPOON,24,7/6/2011 9:15,0.12,14645,United Kingdom
559056,21530,DAIRY MAID TOASTRACK,18,7/6/2011 9:15,0.79,14645,United Kingdom
559056,22123,PING MICROWAVE APRON,12,7/6/2011 9:15,1.95,14645,United Kingdom
559056,84596F,SMALL MARSHMALLOWS PINK BOWL,16,7/6/2011 9:15,0.42,14645,United Kingdom
559056,84665,SQUARE CHERRY BLOSSOM CABINET,4,7/6/2011 9:15,5.95,14645,United Kingdom
559056,85132C,CHARLIE AND LOLA FIGURES TINS,12,7/6/2011 9:15,1.95,14645,United Kingdom
559056,84078A,SET/4 WHITE RETRO STORAGE CUBES ,1,7/6/2011 9:15,39.95,14645,United Kingdom
559056,23206,LUNCH BAG APPLE DESIGN,10,7/6/2011 9:15,1.65,14645,United Kingdom
559056,20725,LUNCH BAG RED RETROSPOT,20,7/6/2011 9:15,1.65,14645,United Kingdom
559056,20727,LUNCH BAG  BLACK SKULL.,20,7/6/2011 9:15,1.65,14645,United Kingdom
559056,23208,LUNCH BAG VINTAGE LEAF DESIGN,10,7/6/2011 9:15,1.65,14645,United Kingdom
559057,82494L,WOODEN FRAME ANTIQUE WHITE ,12,7/6/2011 9:46,2.95,13089,United Kingdom
559057,82484,WOOD BLACK BOARD ANT WHITE FINISH,6,7/6/2011 9:46,7.95,13089,United Kingdom
559057,82483,WOOD 2 DRAWER CABINET WHITE FINISH,6,7/6/2011 9:46,6.95,13089,United Kingdom
559057,82482,WOODEN PICTURE FRAME WHITE FINISH,12,7/6/2011 9:46,2.55,13089,United Kingdom
559057,79000,MOROCCAN TEA GLASS,24,7/6/2011 9:46,0.85,13089,United Kingdom
559057,47566B,TEA TIME PARTY BUNTING,12,7/6/2011 9:46,4.95,13089,United Kingdom
559057,23298,SPOTTY BUNTING,12,7/6/2011 9:46,4.95,13089,United Kingdom
559057,22819,"BIRTHDAY CARD, RETRO SPOT",12,7/6/2011 9:46,0.42,13089,United Kingdom
559057,22784,LANTERN CREAM GAZEBO ,6,7/6/2011 9:46,4.95,13089,United Kingdom
559057,22768,FAMILY PHOTO FRAME CORNICE,6,7/6/2011 9:46,9.95,13089,United Kingdom
559057,22716,CARD CIRCUS PARADE,12,7/6/2011 9:46,0.42,13089,United Kingdom
559057,22335,HEART DECORATION PAINTED ZINC ,24,7/6/2011 9:46,0.65,13089,United Kingdom
559057,22151,PLACE SETTING WHITE HEART,24,7/6/2011 9:46,0.42,13089,United Kingdom
559057,22037,ROBOT BIRTHDAY CARD,12,7/6/2011 9:46,0.42,13089,United Kingdom
559057,22030,SWALLOWS GREETING CARD,12,7/6/2011 9:46,0.42,13089,United Kingdom
559057,21671,RED SPOT CERAMIC DRAWER KNOB,12,7/6/2011 9:46,1.25,13089,United Kingdom
559057,21670,BLUE SPOT CERAMIC DRAWER KNOB,12,7/6/2011 9:46,1.25,13089,United Kingdom
559057,21669,BLUE STRIPE CERAMIC DRAWER KNOB,12,7/6/2011 9:46,1.25,13089,United Kingdom
559057,20723,STRAWBERRY CHARLOTTE BAG,10,7/6/2011 9:46,0.85,13089,United Kingdom
559057,21774,DECORATIVE CATS BATHROOM BOTTLE,12,7/6/2011 9:46,1.25,13089,United Kingdom
559057,22045,SPACEBOY GIFT WRAP,25,7/6/2011 9:46,0.42,13089,United Kingdom
559057,22046,TEA PARTY  WRAPPING PAPER ,25,7/6/2011 9:46,0.42,13089,United Kingdom
559057,22985,WRAP BILLBOARD FONTS DESIGN,25,7/6/2011 9:46,0.42,13089,United Kingdom
559057,16161P,WRAP ENGLISH ROSE ,50,7/6/2011 9:46,0.42,13089,United Kingdom
559057,23230,WRAP ALPHABET DESIGN,25,7/6/2011 9:46,0.42,13089,United Kingdom
559058,22644,CERAMIC CHERRY CAKE MONEY BANK,24,7/6/2011 9:49,1.45,12407,Belgium
559058,21108,FAIRY CAKE FLANNEL ASSORTED COLOUR,18,7/6/2011 9:49,2.55,12407,Belgium
559058,21843,RED RETROSPOT CAKE STAND,2,7/6/2011 9:49,10.95,12407,Belgium
559058,22138,BAKING SET 9 PIECE RETROSPOT ,3,7/6/2011 9:49,4.95,12407,Belgium
559058,22617,BAKING SET SPACEBOY DESIGN,3,7/6/2011 9:49,4.95,12407,Belgium
559058,23159,SET OF 5 PANCAKE DAY MAGNETS,12,7/6/2011 9:49,2.08,12407,Belgium
559058,23245,SET OF 3 REGENCY CAKE TINS,4,7/6/2011 9:49,4.95,12407,Belgium
559058,37448,CERAMIC CAKE DESIGN SPOTTED MUG,24,7/6/2011 9:49,1.49,12407,Belgium
559058,84536B,FAIRY CAKES NOTEBOOK A7 SIZE,16,7/6/2011 9:49,0.42,12407,Belgium
559058,84535B,FAIRY CAKES NOTEBOOK A6 SIZE,16,7/6/2011 9:49,0.65,12407,Belgium
559058,47580,TEA TIME DES TEA COSY,6,7/6/2011 9:49,2.55,12407,Belgium
559058,22634,CHILDS BREAKFAST SET SPACEBOY ,2,7/6/2011 9:49,9.95,12407,Belgium
559058,21107,CREAM SLICE FLANNEL PINK SPOT ,6,7/6/2011 9:49,2.95,12407,Belgium
559058,21106,CREAM SLICE FLANNEL CHOCOLATE SPOT ,6,7/6/2011 9:49,2.95,12407,Belgium
559058,84596G,SMALL CHOCOLATES PINK BOWL,16,7/6/2011 9:49,0.42,12407,Belgium
559058,84596L,BISCUITS SMALL BOWL LIGHT BLUE,16,7/6/2011 9:49,0.42,12407,Belgium
559058,84596B,SMALL DOLLY MIX DESIGN ORANGE BOWL,16,7/6/2011 9:49,0.42,12407,Belgium
559058,84596F,SMALL MARSHMALLOWS PINK BOWL,16,7/6/2011 9:49,0.42,12407,Belgium
559058,22064,PINK DOUGHNUT TRINKET POT ,12,7/6/2011 9:49,1.65,12407,Belgium
